ups,num_comments,image_provided,reciprocate,exchange,text_length,label
3,4,0,0,0,36,0
2,1,0,0,0,71,0
3,0,0,0,1,84,0
0,0,0,0,0,65,0
1,0,0,0,1,62,0
3,0,0,0,0,61,0
2,0,1,0,0,284,0
2,0,0,0,0,259,0
4,0,0,0,0,84,0
0,3,0,0,0,13,0
2,0,0,1,0,40,0
2,0,0,0,0,1289,0
1,22,0,0,0,40,0
6,5,0,1,0,249,0
8,0,0,0,0,83,0
0,0,0,0,0,27,0
13,6,0,0,0,71,0
1,0,0,0,0,114,0
12,0,0,1,0,54,0
41,25,0,0,0,214,0
4,0,0,0,0,36,0
1,1,0,0,0,25,0
1,4,0,0,0,208,0
2,0,0,0,0,71,0
0,0,0,0,0,50,0
0,0,0,1,1,185,0
4,2,0,0,0,473,0
4,1,0,0,0,102,0
1,0,0,0,0,115,0
0,1,0,0,0,105,0
10,0,0,0,0,76,0
1,1,0,0,0,94,0
1,0,0,0,0,70,0
0,0,0,0,1,117,0
1,0,0,1,0,133,0
1,1,0,0,0,38,0
2,3,0,0,0,72,0
2,0,0,0,0,16,0
0,0,0,0,0,66,0
5,0,0,0,0,104,0
0,0,0,0,0,86,0
6,2,0,0,0,158,0
5,0,0,0,0,50,0
1,0,0,0,0,100,0
2,0,0,1,0,109,0
0,2,0,0,0,62,0
1,0,0,0,0,56,0
2,0,0,0,0,61,0
9,4,0,1,0,155,0
2,0,0,0,0,37,0
2,1,0,0,0,54,0
1,1,0,1,0,133,0
1,0,0,0,0,157,0
0,0,0,0,0,34,0
9,7,0,0,0,13,0
3,1,0,1,0,58,0
0,0,0,0,0,68,0
1,2,0,0,0,69,0
0,0,0,0,0,77,0
4,1,0,1,0,37,0
0,0,0,0,0,45,0
2,1,0,0,0,61,0
0,3,0,0,0,27,0
1,0,1,0,0,115,0
2,0,0,0,0,80,0
2,4,0,1,0,103,0
1,0,0,0,0,63,0
6,0,0,0,0,97,0
6,8,0,0,0,66,0
1,1,0,0,0,19,0
4,0,0,1,0,77,0
1,0,0,0,0,119,0
2,0,0,0,0,117,0
3,6,0,1,1,82,0
1,4,0,0,0,25,0
1,2,0,1,0,123,0
2,6,0,0,0,83,0
2,1,0,0,0,63,0
1,5,0,0,0,103,0
0,0,0,0,0,18,0
2,1,0,0,0,37,0
7,4,0,0,0,44,0
2,0,1,0,0,38,0
0,0,0,0,0,17,0
5,4,0,0,0,96,0
1,5,0,0,0,70,0
3,1,0,0,0,54,0
7,11,0,0,0,102,0
1,0,0,0,0,77,0
5,2,0,0,0,79,0
2,0,0,0,0,41,0
5,3,0,0,0,85,0
1,1,0,0,0,80,0
3,2,0,0,0,43,0
1,0,0,0,0,63,0
4,1,0,1,0,96,0
1,2,0,0,0,34,0
3,2,0,0,0,34,0
0,5,0,0,0,66,0
6,7,0,0,0,90,0
1,1,0,0,0,24,0
1,1,0,0,0,11,0
3,8,0,0,1,144,0
1,0,0,0,0,44,0
4,1,0,0,1,52,0
3,1,0,0,0,45,0
7,9,0,0,0,246,0
6,4,0,0,0,72,0
1,0,0,0,0,53,0
2,4,0,0,0,41,0
1,0,0,0,0,67,0
4,4,0,0,0,59,0
1,0,0,0,0,25,0
1,1,0,0,0,24,0
6,0,0,0,0,25,0
2,0,0,0,0,47,0
0,0,0,0,0,145,0
1,1,0,0,0,90,0
9,6,0,0,0,143,0
0,0,0,0,1,67,0
0,4,0,0,0,55,0
3,2,0,0,0,71,0
3,0,0,0,0,53,0
0,0,0,0,0,107,0
34,3,0,0,0,53,0
1,0,0,0,0,25,0
6,0,0,1,0,128,0
0,3,0,1,0,31,0
3,0,0,0,0,122,0
2,0,0,1,0,100,0
7,1,0,0,0,91,0
0,0,0,0,0,62,0
1,0,0,0,0,151,0
0,0,0,0,0,96,0
0,3,0,0,0,25,0
1,1,0,0,0,33,0
4,3,0,0,0,150,0
1,0,0,0,0,37,0
3,0,0,0,0,101,0
5,2,0,0,0,103,0
3,1,0,0,0,80,0
1,0,0,0,0,61,0
1,0,0,0,0,151,0
8,1,0,0,0,84,0
5,0,0,0,0,19,0
3,0,0,1,0,103,0
1,1,0,0,0,72,0
5,3,0,0,0,52,0
0,0,0,0,0,163,0
8,1,0,0,1,13,0
5,1,0,0,0,18,0
0,3,0,0,0,61,0
5,1,0,0,0,11,0
2,1,0,0,0,165,0
1,1,0,0,0,131,0
3,4,0,0,0,36,0
2,4,0,0,0,20,0
3,0,0,0,0,187,0
1,0,0,0,0,21,0
3,0,0,0,0,58,0
1,1,0,0,0,128,0
2,0,0,0,0,18,0
7,5,0,0,0,85,0
3,1,0,0,0,12,0
2,6,0,0,0,105,0
1,4,0,1,0,44,0
8,1,0,0,0,34,0
3,3,0,0,0,41,0
26,4,0,0,0,105,0
2,0,0,0,0,23,0
0,2,0,0,0,43,0
0,3,0,0,0,140,0
3,1,0,0,0,73,0
2,0,0,0,0,36,0
4,2,0,0,0,73,0
0,0,0,0,0,37,0
6,0,0,0,0,48,0
1,1,0,0,0,21,0
2,2,0,0,0,66,0
2,1,0,1,0,70,0
4,4,0,0,0,69,0
1,1,0,0,1,101,0
1,1,0,0,0,54,0
2,2,0,0,0,151,0
3,2,0,1,0,277,0
4,2,0,1,0,27,0
1,1,0,0,0,78,0
5,5,1,0,0,81,0
2,1,0,1,0,83,0
3,9,1,0,0,55,0
0,0,0,0,0,83,0
0,1,0,0,0,66,0
0,0,0,1,0,124,0
5,2,0,0,0,217,0
1,3,0,0,0,51,0
1,0,0,0,0,40,0
1,0,0,0,0,27,0
2,0,0,0,0,64,0
6,2,0,1,0,120,0
10,11,0,1,0,129,0
0,0,0,0,0,36,0
1,7,0,1,0,29,0
3,0,0,0,0,78,0
15,9,1,0,0,302,0
8,3,0,0,0,62,0
3,0,0,0,0,42,0
0,6,0,0,0,79,0
0,7,0,0,0,54,0
2,0,0,0,0,54,0
2,0,0,1,0,250,0
4,11,0,0,0,89,0
2,0,0,0,0,98,0
1,1,0,0,0,114,0
1,1,0,0,0,285,0
5,0,0,0,0,19,0
4,10,0,0,0,37,0
5,2,0,1,0,109,0
1,0,0,0,0,35,0
0,0,0,0,0,20,0
0,2,0,0,0,66,0
4,0,0,0,0,40,0
1,0,0,0,0,42,0
1,0,0,0,0,47,0
16,3,0,0,0,34,0
7,0,0,0,0,94,0
5,0,0,0,0,120,0
1,0,0,0,0,41,0
2,0,0,0,0,185,0
2,1,0,0,0,169,0
1,0,0,0,0,21,0
6,0,0,0,0,22,0
0,0,0,0,0,76,0
2,0,0,0,0,46,0
13,0,0,0,1,185,0
2,0,0,0,0,108,0
1,0,0,0,0,57,0
0,0,0,0,0,81,0
6,0,0,0,0,62,0
5,1,0,1,0,138,0
3,0,0,0,0,44,0
9,1,0,1,0,61,0
1,36,0,1,0,57,0
2,0,0,0,1,56,0
9,6,0,0,0,85,0
0,2,0,0,0,99,0
0,0,0,1,0,54,0
12,3,0,0,0,62,0
1,1,0,0,0,27,0
0,0,0,0,0,18,0
2,3,0,0,0,93,0
2,2,1,1,0,163,0
1,0,0,1,0,77,0
0,0,0,0,0,66,0
3,14,0,0,0,115,0
0,0,0,0,0,92,0
1,3,0,0,0,48,0
15,6,0,0,0,57,0
1,0,0,0,0,36,0
1,0,0,0,0,32,0
0,0,1,0,0,57,0
1,1,0,0,1,56,0
1,0,0,0,0,41,0
9,5,0,0,0,38,0
3,1,1,0,0,27,0
7,2,0,0,0,85,0
2,2,0,1,0,61,0
1,0,0,0,0,75,0
1,0,0,0,0,47,0
1,1,0,0,0,48,0
7,2,0,0,0,169,0
6,4,0,0,0,24,0
2,0,0,0,0,103,0
7,2,1,0,0,78,0
5,6,0,1,0,65,0
1,0,0,0,0,75,0
2,1,0,0,0,115,0
3,2,0,0,0,48,0
1,1,0,0,0,78,0
1,2,0,0,0,55,0
3,0,0,1,0,44,0
10,3,0,1,0,53,0
3,26,0,1,0,89,0
1,2,0,0,0,46,0
0,0,0,0,0,39,0
7,2,1,0,0,78,0
1,0,0,0,0,28,0
7,23,0,0,0,43,0
6,0,0,0,0,28,0
3,0,0,0,0,46,0
7,0,0,0,0,31,0
0,0,0,0,0,104,0
1,0,0,0,0,31,0
3,0,0,0,0,123,0
3,0,0,0,0,24,0
3,0,0,0,0,115,0
4,2,0,0,0,28,0
7,2,0,0,0,165,0
0,10,0,0,0,32,0
2,0,0,1,0,27,0
4,4,0,0,0,216,0
2,0,0,0,0,105,0
0,0,0,0,0,46,0
0,1,0,1,0,121,0
0,2,0,0,0,150,0
3,1,0,1,0,70,0
1,0,1,0,0,121,0
1,3,0,0,0,77,0
3,4,0,0,0,25,0
0,0,0,0,0,84,0
0,0,0,0,0,36,0
2,0,0,1,0,102,0
13,1,0,0,0,39,0
1,2,0,1,0,58,0
2,0,0,1,0,93,0
2,0,0,0,0,86,0
1,0,0,1,0,123,0
2,1,0,0,0,44,0
17,7,0,0,0,22,0
0,0,0,0,0,125,0
2,0,0,0,0,134,0
4,3,0,0,0,28,0
9,11,0,0,0,29,0
1,0,0,1,0,65,0
5,0,0,0,0,38,0
1,0,0,0,0,23,0
0,0,0,1,0,122,0
4,5,0,0,0,119,0
1,3,0,0,0,75,0
26,12,0,0,0,98,0
0,1,0,0,0,182,0
0,0,0,0,0,47,0
3,2,0,1,0,139,0
0,0,0,0,0,18,0
3,0,0,0,0,112,0
3,2,0,0,0,29,0
1,0,0,0,0,76,0
16,6,0,0,0,86,0
3,5,0,1,0,133,0
3,0,0,0,0,55,0
9,0,0,0,0,57,0
3,0,0,1,0,92,0
1,1,0,0,0,291,0
0,12,0,0,0,234,0
1,2,0,0,0,70,0
1,2,0,0,0,65,0
0,2,0,0,0,80,0
4,0,0,0,0,51,0
1,0,0,1,0,37,0
5,1,0,0,0,121,0
0,2,0,0,0,12,0
29,8,0,0,0,42,0
7,0,0,0,0,66,0
1,2,0,1,0,160,0
4,3,0,0,0,37,0
0,0,0,1,0,69,0
2,0,0,0,1,58,0
2,11,0,0,0,53,0
0,0,0,0,0,60,0
0,0,0,0,1,105,0
1,0,0,0,0,133,0
0,0,0,0,0,46,0
0,0,0,0,0,106,0
1,2,0,1,0,99,0
1,0,0,0,0,42,0
6,1,0,0,0,92,0
0,0,1,0,0,69,0
1,2,0,0,0,51,0
3,4,0,0,0,164,0
5,5,0,1,0,133,0
1,0,0,0,0,61,0
3,0,0,0,0,73,0
4,27,0,0,0,28,0
1,0,0,0,0,68,0
13,4,0,0,0,207,0
0,0,0,0,0,52,0
6,5,0,0,0,104,0
1,2,0,0,0,3,0
1,0,0,0,0,417,0
0,0,0,0,0,11,0
3,2,0,1,0,106,0
2,0,0,0,0,116,0
28,10,0,0,0,96,0
1,0,0,0,0,31,0
2,1,0,0,0,100,0
2,1,0,0,0,134,0
0,2,0,0,0,40,0
2,0,0,0,0,72,0
0,0,0,0,0,95,0
4,5,0,0,0,80,0
5,0,0,1,0,55,0
2,0,0,1,0,67,0
1,2,0,0,0,40,0
14,3,0,0,0,147,0
3,0,0,0,0,58,0
0,3,0,1,0,187,0
0,1,0,1,0,127,0
1,0,0,1,0,87,0
9,1,0,1,0,66,0
1,0,0,0,0,50,0
1,2,0,0,0,40,0
1,0,0,0,0,101,0
2,5,0,0,0,136,0
2,0,1,0,0,129,0
0,0,0,0,0,62,0
1,1,0,0,0,135,0
1,0,0,0,0,32,0
7,0,0,0,0,29,0
1,0,0,0,0,160,0
1,0,0,0,0,102,0
1,0,0,0,0,90,0
8,0,0,0,0,79,0
2,0,0,0,0,90,0
10,2,0,0,0,31,0
2,0,0,0,0,30,0
2,0,0,0,0,56,0
2,0,0,1,0,303,0
0,0,0,0,0,44,0
2,2,0,0,0,17,0
1,0,0,0,0,68,0
1,1,0,1,0,63,0
1,0,0,1,0,52,0
0,0,0,0,0,54,0
0,2,0,0,0,226,0
1,2,0,0,0,116,0
6,0,0,0,0,19,0
3,0,0,1,0,152,0
5,1,0,0,0,30,0
1,0,0,1,0,34,0
2,0,0,1,0,56,0
4,2,0,0,0,81,0
0,0,0,0,0,158,0
5,3,0,0,0,158,0
15,5,0,0,0,397,0
4,0,0,1,0,59,0
4,0,0,0,1,77,0
0,0,0,0,0,78,0
4,0,0,0,0,48,0
12,11,1,1,0,144,0
11,5,0,0,0,64,0
1,0,0,0,0,48,0
2,0,0,0,0,30,0
2,4,0,0,0,55,0
2,0,0,0,0,74,0
5,1,0,0,0,125,0
1,0,0,0,0,51,0
2,0,0,0,0,69,0
7,1,0,0,0,100,0
2,0,0,0,0,146,0
2,1,0,0,0,52,0
3,1,0,0,0,32,0
0,1,0,0,0,47,0
0,0,0,0,0,137,0
1,2,1,0,0,54,0
0,0,0,0,0,117,0
1,0,0,1,0,146,0
2,0,0,1,0,78,0
3,1,0,0,0,84,0
0,0,0,0,0,90,0
2,0,0,0,0,24,0
1,0,0,0,0,60,0
2,3,0,0,0,61,0
1,0,0,1,0,215,0
0,0,0,0,0,24,0
2,3,0,0,0,85,0
2,3,0,0,0,100,0
2,2,0,0,0,20,0
3,0,0,0,0,109,0
2,2,0,0,0,91,0
2,2,0,1,0,107,0
10,6,0,0,0,70,0
1,2,0,0,0,193,0
1,1,0,0,0,117,0
0,0,0,0,0,18,0
3,1,0,0,0,57,0
2,0,0,0,0,206,0
2,0,0,0,0,97,0
7,16,0,0,0,44,0
1,0,0,1,0,46,0
12,3,0,1,0,63,0
4,2,0,0,0,30,0
0,0,0,0,0,91,0
0,0,0,0,0,48,0
1,2,0,0,0,101,0
49,6,0,0,0,72,0
2,0,0,1,0,48,0
5,0,0,0,0,56,0
7,3,0,1,0,86,0
0,1,0,0,0,24,0
20,0,0,0,0,77,0
0,0,0,0,0,101,0
4,17,0,0,1,46,0
3,3,0,0,0,137,0
0,0,0,0,0,16,0
0,0,0,0,0,23,0
2,0,0,0,0,150,0
17,5,0,0,0,94,0
2,4,0,0,0,113,0
2,2,0,0,0,25,0
2,1,0,0,0,41,0
4,10,0,1,0,257,0
3,7,0,0,0,115,0
2,0,0,0,0,13,0
2,1,0,0,0,35,0
8,2,0,0,0,49,0
0,0,0,1,0,53,0
1,0,1,1,0,102,0
8,6,0,0,0,41,0
5,0,0,0,0,102,0
0,5,0,0,1,65,0
2,0,0,0,0,33,0
1,5,0,0,0,110,0
1,0,0,0,0,28,0
13,5,0,0,0,22,0
22,11,0,0,0,48,0
1,4,0,0,0,43,0
2,0,0,0,1,123,0
2,3,0,0,0,37,0
7,4,0,0,0,53,0
0,0,0,0,0,48,0
4,2,0,0,0,69,0
7,4,0,0,0,131,0
0,0,0,0,0,112,0
4,1,0,0,0,76,0
1,0,0,1,0,82,0
0,1,0,1,0,33,0
0,0,0,0,0,81,0
6,0,0,0,0,22,0
11,3,1,0,0,220,0
0,0,0,0,0,28,0
1,6,0,0,0,44,0
9,0,0,0,0,43,0
1,1,0,0,0,85,0
4,7,0,1,0,91,0
2,4,0,0,0,52,0
1,0,0,0,0,78,0
2,0,0,0,0,81,0
2,1,0,0,0,40,0
2,0,0,0,1,97,0
4,6,0,0,0,171,0
0,0,0,0,0,46,0
3,2,0,0,0,78,0
5,0,0,0,0,73,0
1,0,0,0,0,37,0
0,0,0,0,0,62,0
0,2,0,0,0,78,0
9,4,0,0,0,66,0
1,0,0,1,0,21,0
2,0,0,0,0,130,0
1,1,0,0,0,27,0
1,0,0,0,0,20,0
9,3,1,0,0,33,0
0,0,0,0,0,61,0
1,0,1,0,0,125,0
0,0,0,0,0,42,0
2,0,0,0,0,49,0
0,0,0,0,0,27,0
1,0,0,1,0,68,0
1,1,0,1,0,86,0
1,1,0,0,0,177,0
1,1,1,0,0,123,0
1,0,0,0,0,37,0
6,0,0,0,0,87,0
1,0,0,1,0,148,0
2,0,0,0,0,41,0
4,2,0,0,0,27,0
0,0,0,0,0,91,0
2,2,0,1,0,174,0
0,0,0,0,1,107,0
4,0,0,0,0,38,0
3,2,0,0,0,87,0
1,0,0,0,0,36,0
19,22,1,0,0,97,0
2,0,0,1,0,80,0
7,7,0,1,0,193,0
4,0,0,0,0,58,0
3,6,0,0,0,144,0
0,0,0,0,0,53,0
2,4,0,0,0,106,0
2,1,0,0,0,45,0
0,0,0,1,0,64,0
1,0,0,0,0,60,0
3,0,0,0,0,17,0
4,4,0,0,0,144,0
1,0,0,0,0,62,0
2,0,0,0,0,65,0
1,0,0,0,0,106,0
2,16,0,0,0,97,0
6,1,0,0,1,167,0
9,0,0,0,0,59,0
5,2,0,0,0,51,0
12,8,0,0,0,164,0
0,2,0,0,0,72,0
4,4,0,0,0,76,0
6,0,0,0,0,54,0
73,13,0,0,0,37,0
1,0,0,0,0,48,0
0,0,0,0,0,17,0
0,5,0,0,0,47,0
11,0,0,0,0,192,0
0,0,0,0,0,122,0
68,12,0,0,0,185,0
3,9,0,1,0,157,0
6,2,0,0,0,114,0
3,0,0,0,0,67,0
2,0,0,1,0,72,0
0,1,0,1,0,62,0
4,0,0,0,0,510,0
4,6,0,0,0,184,0
3,1,0,0,0,34,0
0,2,0,0,0,86,0
5,2,0,0,0,84,0
8,0,0,0,0,9,0
0,0,0,0,0,81,0
2,0,0,1,0,204,0
0,1,0,0,0,85,0
6,2,0,0,0,46,0
5,3,0,0,0,113,0
1,0,0,0,0,58,0
1,1,0,0,0,40,0
0,0,0,0,0,28,0
2,0,0,0,0,21,0
0,8,0,0,0,39,0
2,0,0,0,0,27,0
0,4,0,0,0,60,0
1,1,0,1,0,82,0
3,0,0,0,0,14,0
5,0,0,1,0,206,0
1,0,0,1,0,63,0
3,0,0,0,0,72,0
8,0,0,0,0,84,0
1,0,0,0,0,17,0
2,0,0,0,0,47,0
2,1,0,0,0,24,0
1,3,0,0,0,58,0
2,0,0,0,0,69,0
1,3,0,0,0,51,0
3,0,0,0,0,42,0
2,0,0,1,0,159,0
3,0,0,0,0,30,0
2,0,0,0,0,121,0
0,0,0,0,0,30,0
1,0,0,1,0,63,0
3,3,0,0,0,144,0
2,0,0,0,1,119,0
1,0,0,1,0,46,0
6,0,0,0,0,98,0
0,0,0,0,0,99,0
2,0,0,0,1,198,0
6,7,0,0,0,124,0
1,0,0,1,0,21,0
0,4,0,0,0,25,0
1,2,0,0,0,91,0
2,1,0,0,1,110,0
0,2,0,0,0,175,0
3,0,0,0,0,22,0
1,5,0,0,0,127,0
6,6,0,0,0,137,0
15,10,0,0,0,74,0
1,1,0,0,0,99,0
0,0,0,0,0,45,0
0,0,0,0,0,92,0
1,4,0,0,0,178,0
9,5,0,1,0,124,0
1,0,0,1,0,30,0
1,1,0,0,0,138,0
11,0,0,0,0,40,0
11,0,1,1,0,183,0
1,0,0,0,0,72,0
1,2,0,0,0,186,0
1,0,0,0,0,30,0
6,7,0,0,0,202,0
4,0,0,0,0,41,0
4,4,0,0,0,46,0
2,1,0,0,0,79,0
5,2,0,0,0,179,0
0,0,0,1,0,178,0
1,0,0,0,0,123,0
1,0,0,0,0,23,0
0,0,0,0,0,41,0
1,4,0,0,0,53,0
3,0,0,0,0,56,0
3,1,0,0,0,77,0
1,0,0,0,0,76,0
26,10,0,0,0,87,0
1,0,0,0,0,45,0
1,1,0,0,0,114,0
5,3,0,0,0,97,0
2,1,0,0,0,134,0
2,1,0,0,0,17,0
1,1,0,0,0,138,0
1,1,0,0,0,42,0
2,11,0,0,0,20,0
3,1,0,0,0,124,0
0,0,0,1,0,70,0
1,2,0,0,0,78,0
9,0,0,1,0,128,0
0,0,0,0,0,27,0
2,0,0,0,0,57,0
1,0,0,0,0,139,0
7,0,0,0,0,65,0
9,4,0,0,0,97,0
1,4,0,0,0,39,0
4,4,0,1,0,172,0
16,1,0,0,0,59,0
1,0,0,0,0,39,0
2,5,0,0,0,195,0
1,0,0,0,0,51,0
1,0,0,0,0,47,0
5,0,0,0,0,23,0
3,21,0,0,0,14,0
3,0,0,0,0,49,0
0,0,0,0,0,13,0
2,2,1,0,0,88,0
0,0,0,0,0,39,0
1,0,0,0,0,41,0
4,1,1,1,0,46,0
3,3,0,0,0,114,0
25,16,0,0,0,345,0
0,0,0,0,0,64,0
2,2,0,0,0,50,0
2,0,0,1,0,53,0
4,5,0,1,0,107,0
1,0,0,0,0,68,0
2,0,0,0,0,12,0
1,0,0,0,0,96,0
3,0,0,0,1,119,0
0,0,0,0,0,3,0
1,0,0,0,0,103,0
2,0,0,0,0,76,0
2,1,0,0,0,63,0
3,0,0,0,0,30,0
0,0,0,0,0,304,0
5,1,0,0,0,86,0
3,0,0,0,0,122,0
13,21,0,0,0,37,0
1,3,0,0,0,125,0
1,3,0,0,0,77,0
7,7,1,0,0,53,0
1,4,0,0,0,41,0
2,0,0,1,0,127,0
2,1,0,0,0,132,0
11,0,0,0,0,15,0
1,1,0,0,0,302,0
2,7,0,0,0,169,0
1,0,0,0,0,52,0
6,1,0,0,0,29,0
0,0,0,0,0,108,0
0,1,0,0,0,96,0
1,4,0,0,0,62,0
3,5,0,0,0,32,0
1,1,0,0,1,147,0
2,4,0,0,0,36,0
1,0,0,0,0,52,0
1,0,0,0,0,95,0
2,0,0,0,0,59,0
23,42,1,0,0,66,0
5,0,0,0,0,36,0
5,0,0,1,0,157,0
16,0,0,0,0,81,0
2,0,0,0,0,54,0
1,2,0,0,0,186,0
1,6,0,0,0,11,0
9,0,0,0,0,45,0
8,1,0,0,0,64,0
2,0,0,0,0,59,0
2,0,0,0,0,88,0
7,3,0,0,0,75,0
0,0,0,0,0,30,0
2,0,0,1,0,74,0
0,0,0,0,0,48,0
0,2,0,0,1,71,0
6,3,0,0,0,69,0
0,0,0,0,0,65,0
1,0,0,0,0,69,0
3,0,0,1,0,57,0
4,1,0,0,0,73,0
1,0,0,0,0,52,0
7,1,0,0,0,5,0
1,12,0,0,0,63,0
3,0,0,1,0,97,0
8,4,0,0,0,57,0
2,1,0,0,0,71,0
7,16,0,0,0,31,0
1,0,0,1,0,22,0
14,4,0,0,0,59,0
1,0,0,0,0,49,0
5,0,0,1,0,31,0
4,0,0,0,0,70,0
3,7,0,0,0,43,0
6,0,0,0,0,79,0
1,1,0,0,0,91,0
1,0,0,0,0,57,0
0,0,0,0,0,68,0
3,6,0,0,0,114,0
14,2,0,0,0,15,0
0,0,0,0,0,61,0
1,5,0,0,0,117,0
1,4,0,0,0,38,0
2,0,0,0,0,25,0
4,2,0,0,0,7,0
2,4,0,0,0,23,0
33,2,0,0,0,23,0
11,7,0,0,0,60,0
3,4,0,1,0,76,0
2,0,0,0,0,12,0
1,0,0,0,0,123,0
11,3,0,0,0,91,0
0,0,0,0,0,38,0
3,0,0,0,1,74,0
0,3,0,0,0,25,0
3,0,0,0,0,60,0
0,6,0,0,0,37,0
2,0,0,1,0,53,0
8,2,0,0,0,28,0
4,9,1,0,0,266,0
1,0,0,0,0,48,0
1,0,0,1,0,131,0
0,1,0,0,0,54,0
1,8,1,1,0,158,0
2,0,0,0,0,102,0
1,1,0,0,0,107,0
1,0,0,1,0,74,0
2,2,0,1,0,128,0
0,3,0,0,0,82,0
2,0,0,0,0,61,0
1,0,0,0,0,63,0
1,1,0,0,0,61,0
2,0,0,0,0,74,0
6,0,0,0,0,97,0
0,1,0,0,0,22,0
0,0,0,0,0,22,0
5,9,0,0,0,22,0
3,3,0,0,0,29,0
3,0,0,1,0,57,0
14,1,0,0,0,18,0
8,7,0,0,0,55,0
1,1,0,0,1,101,0
0,0,0,1,0,66,0
1,1,0,1,0,39,0
1,0,0,1,0,47,0
1,0,0,0,0,318,0
0,0,0,0,0,114,0
47,29,0,0,0,150,0
1,2,0,0,0,45,0
0,0,0,0,0,56,0
18,6,0,0,0,20,0
1,4,0,0,0,36,0
1,0,0,0,0,12,0
0,0,0,0,0,59,0
1,0,0,0,0,148,0
6,7,0,0,0,62,0
1,0,0,0,0,44,0
2,0,0,0,0,168,0
3,0,0,0,0,33,0
3,4,0,0,1,99,0
2,0,0,1,0,218,0
0,0,0,0,0,30,0
1,1,0,0,0,99,0
1,0,0,0,0,20,0
0,2,0,0,0,72,0
4,0,0,0,0,53,0
1,0,0,0,0,13,0
3,1,0,1,0,126,0
6,3,0,0,0,69,0
2,0,0,0,0,101,0
4,1,0,0,1,52,0
2,0,0,0,0,95,0
0,0,0,0,0,78,0
5,0,0,0,0,65,0
4,8,0,0,0,28,0
3,2,0,0,0,41,0
2,3,0,0,0,170,0
1,2,0,0,0,66,0
12,0,0,0,1,71,0
1,0,0,0,0,164,0
3,0,0,0,0,49,0
2,0,0,0,0,155,0
1,0,0,0,0,61,0
0,0,0,0,0,48,0
2,0,0,1,0,56,0
2,0,0,1,0,62,0
0,2,0,0,0,118,0
2,4,0,1,0,193,0
0,2,0,0,0,163,0
0,0,0,0,0,90,0
0,2,0,0,0,21,0
1,0,0,0,0,71,0
1,0,0,0,0,91,0
3,13,0,0,0,162,0
4,0,0,1,0,217,0
1,0,0,0,0,28,0
5,3,0,0,0,24,0
1,0,0,1,0,69,0
3,8,0,0,0,120,0
9,0,0,0,0,52,0
5,0,0,0,0,53,0
3,1,0,0,0,78,0
2,0,0,0,0,52,0
0,0,0,0,0,45,0
6,3,0,0,0,122,0
1,1,0,1,0,59,0
3,0,0,0,1,78,0
5,1,0,0,0,125,0
2,0,0,0,0,52,0
2,6,0,0,0,32,0
2,1,0,0,0,80,0
7,1,0,1,0,63,0
2,0,0,0,0,56,0
4,1,0,0,0,105,0
1,1,0,0,0,229,0
0,0,0,0,0,25,0
2,0,0,1,0,69,0
1,0,0,1,0,65,0
2,3,0,0,0,21,0
1,1,0,0,0,29,0
2,0,0,0,0,20,0
2,6,0,0,0,95,0
2,0,0,0,0,5,0
2,0,0,0,0,49,0
1,0,0,0,0,71,0
5,0,0,0,0,31,0
4,1,0,0,0,133,0
0,0,0,0,0,98,0
2,0,0,0,0,125,0
2,1,0,0,0,48,0
3,0,1,0,0,96,0
6,0,0,0,0,47,0
68,12,0,0,0,185,0
0,0,0,0,0,37,0
4,7,0,0,0,204,0
1,0,0,1,0,94,0
1,0,0,0,0,79,0
1,0,0,0,0,95,0
23,2,1,0,0,148,0
3,1,0,0,0,54,0
0,0,0,0,0,47,0
4,2,0,0,0,165,0
2,1,0,0,0,35,0
1,1,0,0,0,146,0
2,3,0,0,0,37,0
1,0,0,1,0,133,0
1,0,0,0,0,112,0
1,0,0,0,0,15,0
1,0,0,0,0,17,0
2,0,0,1,0,72,0
8,1,0,0,0,12,0
2,3,0,0,0,59,0
1,3,0,0,0,138,0
2,2,0,0,0,82,0
2,4,1,0,0,89,0
41,14,0,1,0,77,0
16,1,0,1,0,114,0
2,0,0,0,0,57,0
4,2,0,0,0,43,0
0,0,0,1,0,99,0
1,0,0,0,0,48,0
2,12,0,0,0,61,0
0,15,0,1,0,95,0
1,20,0,0,0,221,0
2,0,0,0,0,101,0
0,0,0,0,0,38,0
0,0,0,0,0,46,0
0,0,1,0,0,55,0
4,4,0,0,0,29,0
2,0,1,0,1,131,0
12,11,1,1,0,144,0
2,0,0,0,0,43,0
3,3,0,0,0,82,0
1,0,0,0,0,36,0
1,0,1,0,0,222,0
1,1,0,0,0,57,0
2,0,0,0,0,21,0
2,0,0,1,0,132,0
1,0,0,0,0,21,0
8,4,0,0,0,23,0
5,0,1,0,0,240,0
6,4,0,0,0,359,0
2,4,0,0,0,27,0
2,1,0,0,0,46,0
0,0,0,0,0,79,0
0,0,0,0,0,24,0
3,0,0,0,0,28,0
6,1,0,0,0,21,0
6,9,0,0,0,37,0
2,1,0,0,0,40,0
6,0,0,1,0,36,0
2,0,0,0,0,115,0
5,2,0,0,0,158,0
0,4,0,0,0,40,0
2,2,0,0,0,42,0
5,13,0,0,0,66,0
0,1,0,1,0,13,0
0,0,0,0,0,258,0
34,3,0,0,0,53,0
4,2,1,0,0,23,0
0,0,0,0,0,113,0
0,0,0,1,0,49,0
1,1,1,0,0,150,0
0,0,0,0,0,81,0
1,0,0,0,1,63,0
2,0,0,0,0,96,0
4,8,0,0,0,116,0
0,0,0,0,0,111,0
3,0,0,0,0,64,0
0,2,0,0,0,64,0
3,1,0,0,0,57,0
10,0,0,0,0,19,0
1,0,0,1,1,105,0
5,1,0,0,0,138,0
5,0,0,0,0,177,0
2,1,0,1,0,109,0
5,0,0,0,0,116,0
9,2,0,0,0,73,0
3,1,0,0,0,32,0
4,3,0,0,0,77,0
1,1,0,0,0,54,0
10,10,1,0,0,167,0
5,0,0,0,0,58,0
2,10,0,0,0,27,0
22,2,0,0,0,82,0
1,0,0,1,0,48,0
2,0,0,0,0,30,0
1,0,0,0,0,69,0
4,7,0,0,0,48,0
0,0,0,0,0,47,0
9,3,1,0,0,75,0
4,2,0,1,0,172,0
1,4,0,1,0,83,0
1,2,0,0,0,32,0
5,0,0,0,0,63,0
9,1,0,1,0,66,0
1,0,0,1,0,104,0
11,6,0,0,0,154,0
2,5,0,0,0,58,0
0,7,0,0,0,279,0
0,9,0,0,0,122,0
6,6,0,0,0,72,0
30,22,0,0,0,59,0
12,3,0,0,0,91,0
8,4,0,0,0,97,0
0,3,0,1,0,72,0
1,0,0,0,0,40,0
2,0,0,0,0,28,0
2,0,0,0,0,172,0
1,0,0,0,0,66,0
1,16,0,0,0,17,0
1,0,0,0,0,101,0
1,0,1,0,0,65,0
8,0,0,1,0,52,0
0,0,0,0,0,41,0
3,1,0,0,0,72,0
2,0,0,0,0,66,0
0,0,0,0,0,63,0
24,15,0,0,0,118,0
29,8,0,0,0,42,0
10,1,0,0,0,15,0
2,6,0,0,0,227,0
2,4,0,1,0,57,0
1,0,0,0,0,40,0
3,0,0,0,0,85,0
3,5,0,0,0,93,0
1,0,0,0,0,24,0
0,0,0,0,0,28,0
13,7,0,0,0,37,0
3,0,0,0,0,77,0
1,0,0,0,0,56,0
2,2,0,0,0,76,0
0,0,0,1,0,61,0
11,1,0,0,0,36,0
6,0,0,0,0,42,0
4,0,0,1,0,59,0
1,3,0,0,1,53,0
2,0,0,0,0,68,0
6,0,0,0,0,22,0
2,3,0,0,0,21,0
1,0,0,0,0,77,0
0,0,0,0,0,73,0
1,0,0,1,0,35,0
1,0,0,0,0,245,0
0,0,0,0,0,59,0
4,4,0,0,0,63,0
3,0,0,0,0,40,0
3,0,0,0,0,167,0
0,0,0,0,0,24,0
0,1,0,0,1,45,0
3,1,1,0,0,63,0
1,0,0,1,1,131,0
3,13,0,0,0,148,0
1,1,0,0,0,78,0
1,3,0,0,0,91,0
1,0,0,0,0,83,0
1,4,0,1,0,116,0
3,0,0,1,0,50,0
0,1,0,0,0,62,0
0,3,0,0,0,14,0
3,3,0,1,0,44,0
1,1,0,0,0,91,0
7,2,0,1,0,106,0
3,4,0,0,0,36,0
0,0,0,0,1,198,0
8,12,0,0,0,134,0
2,0,0,0,0,180,0
1,4,0,0,0,113,0
0,3,0,0,0,43,0
2,0,0,0,0,57,0
2,5,0,0,0,103,0
3,7,0,0,0,95,0
0,9,0,0,0,65,0
1,0,0,0,0,43,0
1,0,0,0,0,40,0
1,3,0,0,0,75,0
1,3,0,0,0,67,0
3,2,0,0,0,88,0
0,0,0,0,0,76,0
2,0,0,0,0,69,0
0,1,0,0,0,28,0
1,0,0,1,0,144,0
1,0,0,0,0,78,0
1,0,0,0,0,40,0
0,0,0,1,0,82,0
2,0,0,0,0,52,0
2,5,0,0,0,63,0
0,0,0,0,0,35,0
3,2,0,0,0,109,0
1,0,0,0,0,38,0
1,0,0,1,0,52,0
0,7,0,1,0,156,0
6,2,0,0,0,56,0
12,17,0,0,0,48,0
0,0,0,0,0,111,0
1,0,0,0,0,49,0
1,1,0,0,1,41,0
2,1,0,0,0,45,0
7,2,0,1,0,61,0
5,3,0,0,0,33,0
17,0,0,0,0,52,0
5,0,0,0,0,149,0
1,2,0,0,0,297,0
2,3,0,0,0,72,0
1,0,0,0,0,26,0
3,2,0,1,1,198,0
2,1,0,0,0,57,0
1,0,0,0,0,115,0
0,2,0,0,0,16,0
5,1,0,0,0,27,0
2,0,0,0,0,122,0
10,0,0,0,0,371,0
1,0,1,1,0,102,0
2,0,0,1,0,150,0
7,5,0,0,0,93,0
5,0,0,0,0,121,0
1,0,0,0,0,17,0
1,0,0,0,0,210,0
1,1,0,1,0,61,0
0,1,0,0,0,242,0
13,3,0,1,0,84,0
1,0,0,0,0,110,0
2,7,0,1,0,106,0
0,0,0,0,0,58,0
2,0,0,0,0,28,0
4,11,0,0,0,30,0
0,0,0,0,0,56,0
3,0,1,0,0,96,0
1,0,0,0,0,30,0
1,0,0,0,0,38,0
0,0,0,0,0,11,0
1,0,0,0,0,67,0
10,1,0,0,0,41,0
7,0,0,0,0,107,0
2,9,0,0,0,516,0
1,1,0,0,1,36,0
1,3,0,0,0,37,0
1,5,0,0,0,57,0
1,0,1,0,0,164,0
4,0,0,0,1,89,0
2,1,0,0,1,100,0
1,0,0,0,0,125,0
1,0,0,0,0,117,0
29,12,0,0,0,85,0
2,0,0,0,0,99,0
0,0,0,0,0,137,0
0,1,0,0,0,29,0
7,5,0,0,0,234,0
1,5,0,0,0,146,0
1,1,0,0,0,62,0
0,0,0,0,0,33,0
3,0,0,0,0,51,0
1,0,0,0,0,128,0
1,0,0,0,0,46,0
1,2,0,0,0,42,0
1,0,0,0,0,40,0
2,2,1,0,0,62,0
1,6,0,0,0,35,0
1,0,0,0,0,33,0
6,0,0,0,0,10,0
2,0,0,0,0,36,0
3,0,0,0,0,133,0
1,4,0,0,0,105,0
3,0,0,0,0,75,0
3,0,0,0,0,87,0
1,1,0,0,0,47,0
5,5,0,0,0,31,0
0,1,1,0,0,35,0
2,4,0,0,1,52,0
0,0,0,0,0,102,0
1,0,0,0,1,106,0
0,0,0,0,0,142,0
2,0,1,0,0,62,0
11,3,1,0,1,117,0
3,0,0,0,0,187,0
1,0,0,0,0,58,0
2,2,0,0,0,50,0
0,0,0,0,0,35,0
3,2,0,0,0,130,0
0,21,0,0,0,24,0
3,1,0,0,0,123,0
1,0,0,0,0,63,0
3,0,0,1,0,86,0
6,0,0,0,0,47,0
0,0,0,0,0,55,0
72,40,0,0,0,65,0
4,0,0,0,0,26,0
3,4,0,1,0,76,0
2,0,0,1,0,114,0
4,2,0,0,0,21,0
0,1,0,0,0,50,0
0,1,0,0,0,72,0
4,4,0,0,0,29,0
42,15,0,0,0,269,0
5,8,0,0,0,21,0
4,1,0,0,0,50,0
0,0,0,0,0,22,0
8,0,0,0,1,297,0
1,1,0,1,1,131,0
2,0,0,0,0,25,0
2,1,0,0,0,121,0
0,3,0,1,0,88,0
1,4,0,1,0,112,0
1,0,0,0,0,36,0
1,30,0,0,0,144,0
10,0,0,0,0,78,0
0,0,0,0,0,31,0
11,0,0,0,0,254,0
3,1,0,0,0,106,0
0,1,0,1,0,33,0
6,0,1,0,0,77,0
6,3,0,0,0,122,0
1,11,0,0,0,102,0
2,0,0,0,0,84,0
1,12,0,0,0,169,0
4,0,0,0,0,77,0
3,0,0,0,0,157,0
5,4,0,1,0,24,0
4,6,0,0,0,63,0
0,1,0,0,0,53,0
1,0,0,0,0,60,0
1,0,0,0,0,80,0
2,0,0,0,0,20,0
0,0,0,1,0,64,0
0,2,0,0,0,66,0
1,1,0,0,0,154,0
0,0,0,0,0,68,0
2,6,0,0,0,83,0
2,6,0,0,0,20,0
4,3,0,0,0,36,0
1,0,0,0,0,45,0
2,0,0,0,0,96,0
2,0,0,1,0,28,0
2,2,0,0,0,96,0
1,0,0,0,0,22,0
9,4,0,0,0,32,0
2,1,0,0,0,22,0
18,4,1,0,0,48,0
2,1,0,0,0,310,0
6,2,0,0,0,183,0
0,0,0,0,0,34,0
1,0,0,0,0,213,0
1,1,0,0,0,68,0
1,0,0,0,0,150,0
1,3,0,0,0,93,0
2,0,0,0,0,22,0
0,0,1,0,0,61,0
2,2,0,0,0,50,0
3,0,0,0,0,172,0
6,3,0,0,0,91,0
7,0,0,1,0,35,0
0,0,0,1,0,80,0
3,8,1,0,0,298,0
9,0,0,0,0,14,0
4,1,0,0,0,68,0
1,1,0,0,0,176,0
2,3,0,0,0,47,0
1,0,0,1,0,32,0
3,0,0,1,0,79,0
1,2,0,0,0,59,0
1,0,0,0,0,104,0
1,2,0,0,0,55,0
7,1,0,0,0,72,0
5,0,0,0,0,106,0
4,3,0,0,0,30,0
1,0,0,0,0,83,0
0,2,0,0,0,61,0
14,11,0,0,0,71,0
2,1,0,0,0,63,0
4,0,0,0,0,42,0
0,0,0,0,0,35,0
4,4,0,0,0,51,0
1,0,0,0,0,53,0
19,5,0,0,0,42,0
2,12,0,0,0,211,0
5,2,0,0,0,64,0
0,2,0,0,0,62,0
1,0,0,0,0,69,0
15,1,0,0,0,88,0
3,0,0,0,0,77,0
3,0,0,1,0,86,0
2,2,0,0,0,20,0
7,2,0,0,0,35,0
11,2,0,0,0,101,0
4,0,0,0,0,38,0
8,5,0,1,0,61,0
1,0,0,0,1,93,0
2,4,0,0,0,66,0
0,0,0,0,0,32,0
3,3,0,0,0,40,0
9,7,0,0,0,172,0
2,6,0,0,0,128,0
4,0,0,0,0,62,0
4,1,0,0,0,61,0
1,0,0,1,0,47,0
2,3,0,0,0,68,0
2,0,0,1,0,72,0
1,0,0,0,0,313,0
0,1,0,0,0,63,0
2,0,0,0,0,43,0
2,0,0,1,0,29,0
0,0,0,0,0,33,0
3,1,0,0,0,134,0
2,2,0,0,0,74,0
1,0,0,1,0,103,0
4,18,0,0,0,122,0
5,6,0,0,0,853,0
3,6,0,0,0,161,0
0,7,0,0,0,86,0
1,0,0,0,0,29,0
16,1,0,0,0,106,0
1,0,0,0,0,121,0
2,0,0,0,0,103,0
2,0,0,0,0,28,0
2,0,0,0,0,55,0
1,2,0,0,0,37,0
1,0,0,0,0,90,0
1,1,0,0,0,66,0
2,0,0,1,0,64,0
2,1,0,1,0,109,0
1,8,0,0,0,63,0
5,0,0,1,0,36,0
1,0,0,0,0,60,0
1,1,0,0,0,39,0
0,1,0,1,0,44,0
9,18,0,0,0,149,0
2,4,1,0,0,36,0
5,4,0,0,0,58,0
2,1,0,0,0,24,0
12,5,0,0,0,39,0
3,0,0,0,0,37,0
2,0,0,0,0,68,0
1,0,0,1,0,69,0
6,2,0,0,0,41,0
1,0,0,1,0,91,0
0,3,0,0,0,69,0
1,1,0,0,0,25,0
2,1,0,0,0,62,0
1,0,0,0,0,120,0
7,8,0,0,0,35,0
4,4,0,0,0,68,0
2,5,0,0,0,54,0
1,0,0,0,0,98,0
2,8,0,1,0,54,0
5,1,0,1,0,177,0
2,0,0,0,0,114,0
1,0,0,0,0,37,0
1,0,0,1,0,57,0
0,0,0,0,0,11,0
4,0,0,0,0,14,0
10,5,0,1,0,78,0
5,0,0,0,0,30,0
2,1,0,1,0,46,0
2,39,0,0,0,150,0
2,0,0,0,0,145,0
0,0,0,0,0,118,0
1,0,0,0,0,132,0
7,0,0,1,0,191,0
12,1,0,0,0,41,0
6,0,0,0,0,40,0
5,0,0,0,0,93,0
3,11,0,0,0,133,0
5,1,0,0,0,78,0
1,0,0,0,0,111,0
1,0,0,0,0,82,0
2,0,0,0,0,39,0
1,5,0,0,0,118,0
0,0,0,0,0,55,0
2,0,0,0,0,20,0
3,0,0,0,0,69,0
6,0,0,0,0,20,0
1,5,0,0,0,75,0
0,0,0,0,0,77,0
2,0,0,0,0,17,0
4,4,0,0,0,29,0
6,8,1,0,0,98,0
1,0,0,1,0,115,0
1,1,0,0,0,213,0
2,7,0,1,0,106,0
2,0,0,0,0,50,0
2,4,0,0,0,16,0
18,6,0,0,0,57,0
0,0,0,0,0,39,0
3,2,0,0,0,124,0
1,0,0,0,0,46,0
4,0,0,0,0,28,0
1,3,0,0,0,63,0
1,0,0,1,0,40,0
1,3,0,0,0,249,0
6,4,0,0,0,119,0
1,0,0,0,0,13,0
1,0,0,0,0,46,0
0,0,0,0,0,75,0
0,0,1,0,0,69,0
3,0,0,0,0,108,0
4,19,0,0,0,35,0
2,0,0,0,0,74,0
2,2,0,0,0,136,0
3,0,0,0,0,105,0
1,3,0,0,0,49,0
0,0,0,1,0,43,0
1,0,0,0,0,81,0
6,3,0,0,0,40,0
5,2,0,0,0,98,0
6,0,0,0,0,37,0
0,0,0,0,0,17,0
2,0,0,0,0,18,0
2,2,0,0,0,64,0
0,0,0,0,0,73,0
2,0,0,0,0,42,0
1,0,0,1,0,38,0
2,0,0,0,0,58,0
4,0,1,0,0,12,0
1,0,0,0,0,79,0
1,0,0,0,0,112,0
5,1,0,0,1,161,0
7,1,0,0,0,56,0
0,0,0,0,0,73,0
10,0,0,0,0,76,0
0,0,0,0,0,31,0
0,0,0,0,0,46,0
25,5,0,0,0,109,0
2,0,0,0,0,167,0
0,0,0,0,0,73,0
7,1,0,0,0,129,0
0,2,0,0,0,37,0
4,0,0,0,0,84,0
1,0,0,0,0,46,0
0,1,0,0,0,89,0
6,8,0,0,0,248,0
1,0,0,0,0,74,0
1,0,0,0,0,79,0
1,0,0,0,0,84,0
6,2,0,1,0,68,0
1,0,0,0,0,63,0
3,0,0,1,0,87,0
3,0,0,0,0,117,0
0,0,0,0,0,128,0
0,0,0,1,0,63,0
1,0,0,0,0,3,0
1,0,0,0,0,114,0
2,0,0,0,0,70,0
9,2,0,0,0,139,0
1,0,0,0,0,59,0
1,0,0,1,0,66,0
9,1,0,0,1,38,0
1,0,1,0,0,68,0
1,1,0,1,0,80,0
1,0,0,0,0,69,0
2,2,0,1,0,100,0
4,3,0,0,0,198,0
1,0,0,0,0,35,0
0,0,0,0,0,90,0
2,0,0,0,0,95,0
3,0,0,0,0,40,0
0,0,0,0,0,96,0
2,0,0,0,0,50,0
0,0,0,0,0,97,0
5,1,0,0,0,137,0
5,0,0,0,0,88,0
8,1,0,0,1,137,0
11,4,0,0,0,70,0
1,0,0,0,0,90,0
1,2,0,0,0,169,0
0,1,0,0,0,31,0
0,1,0,0,0,117,0
3,0,0,0,0,86,0
8,5,0,1,0,46,0
2,0,0,0,0,72,0
2,0,0,0,0,69,0
12,12,0,0,0,239,0
4,4,0,0,0,69,0
0,0,0,0,0,48,0
1,0,0,0,0,95,0
1,2,0,0,0,3,0
1,0,0,0,0,26,0
1,1,0,0,0,66,0
1,1,0,0,0,43,0
11,4,0,0,0,264,0
3,0,0,0,0,24,0
2,1,1,0,0,312,0
28,6,0,0,0,264,0
9,0,0,0,0,28,0
0,1,0,0,0,42,0
3,0,0,0,0,45,0
0,0,0,0,0,14,0
4,0,0,0,1,191,0
2,0,0,0,0,13,0
0,0,0,0,0,62,0
2,5,0,0,0,62,0
2,2,0,0,1,58,0
3,0,0,0,0,23,0
0,2,0,0,0,144,0
5,0,0,0,0,53,0
3,0,0,0,0,57,0
13,0,0,0,0,41,0
15,2,0,0,0,32,0
2,0,0,0,0,90,0
8,0,0,0,0,68,0
3,0,0,0,0,70,0
7,15,0,0,0,57,0
1,5,1,0,0,58,0
1,0,0,0,0,114,0
3,0,0,0,0,11,0
1,0,0,0,0,17,0
2,0,0,0,0,33,0
3,2,0,0,1,34,0
16,12,0,0,0,64,0
2,2,0,0,0,108,0
3,0,0,0,0,130,0
2,1,0,0,0,39,0
1,4,0,0,0,95,0
1,0,0,0,0,44,0
2,0,0,0,0,53,0
2,8,0,0,0,57,0
1,0,0,0,0,46,0
1,0,0,1,0,20,0
1,5,0,0,0,132,0
2,0,0,1,0,80,0
4,0,0,0,0,159,0
3,0,0,0,0,46,0
2,0,0,0,0,56,0
1,1,0,0,0,154,0
2,0,0,0,0,88,0
1,0,0,0,0,134,0
0,1,0,0,0,46,0
3,0,0,0,0,59,0
2,1,0,1,0,33,0
8,0,0,0,0,437,0
1,6,0,0,0,45,0
1,0,0,0,0,108,0
3,0,1,0,0,12,0
0,0,1,0,0,25,0
4,0,0,1,0,75,0
1,8,0,0,0,83,0
15,0,0,0,0,39,0
3,3,0,0,0,114,0
0,1,0,0,0,155,0
6,0,0,0,0,59,0
1,4,0,0,0,77,0
0,4,0,0,0,142,0
8,0,0,0,0,69,0
1,1,0,0,0,175,0
2,2,1,0,0,190,0
3,0,0,0,0,96,0
0,2,0,1,0,131,0
5,6,0,0,0,61,0
1,0,0,1,0,16,0
0,0,0,0,0,73,0
2,0,0,0,0,17,0
6,0,0,0,0,39,0
4,1,0,0,0,95,0
2,4,0,0,0,23,0
6,4,0,0,0,214,0
0,0,0,0,0,110,0
3,1,0,0,0,68,0
8,1,0,0,0,64,0
1,0,1,0,0,86,0
6,1,0,0,0,70,0
0,0,0,0,0,66,0
0,0,0,0,0,42,0
0,1,0,0,0,86,0
0,0,0,0,0,70,0
6,1,0,0,0,74,0
6,15,1,0,0,116,0
8,0,0,0,0,7,0
6,1,0,0,0,95,0
3,0,0,0,0,140,0
7,23,0,0,0,43,0
0,0,0,0,0,19,0
2,1,0,0,0,18,0
1,1,0,0,0,107,0
3,3,0,0,0,159,0
3,2,0,0,1,72,0
5,1,0,0,0,36,0
3,0,0,0,0,67,0
3,5,0,0,0,32,0
0,0,0,0,0,122,0
5,1,0,0,0,138,0
0,0,0,0,0,91,0
2,0,0,1,0,109,0
1,5,0,0,0,58,0
0,2,0,0,0,66,0
0,2,0,0,0,61,0
3,10,0,0,0,38,0
5,2,0,0,0,54,0
3,1,0,0,0,70,0
1,0,0,0,0,74,0
1,0,0,0,0,120,0
3,1,0,0,0,53,0
16,1,0,0,0,36,0
4,0,0,0,0,63,0
1,0,0,0,0,45,0
1,0,0,0,0,50,0
0,0,0,0,0,72,0
3,1,0,0,0,110,0
4,4,0,1,0,68,0
5,0,0,0,0,46,0
4,1,0,0,0,110,0
2,0,1,0,0,363,0
11,4,0,0,0,44,0
2,0,0,0,0,22,0
2,0,0,0,0,35,0
5,0,0,0,0,64,0
36,13,0,0,0,11,0
2,0,0,1,0,42,0
1,1,0,0,0,49,0
3,0,0,0,0,134,0
0,3,0,0,0,95,0
1,0,0,0,0,37,0
1,0,0,1,0,70,0
2,0,0,0,0,79,0
0,0,0,0,0,20,0
16,4,0,0,0,169,0
16,4,0,0,0,169,0
0,0,0,1,0,87,0
1,0,0,0,0,31,0
2,1,0,1,0,70,0
9,0,0,0,0,52,0
0,3,0,0,0,95,0
0,0,0,0,0,65,0
4,0,0,0,0,22,0
9,0,0,1,0,83,0
0,0,0,0,0,61,0
7,5,0,0,0,54,0
7,0,0,0,0,94,0
0,0,0,0,0,68,0
0,0,0,0,0,87,0
19,4,0,0,0,65,0
1,0,0,0,0,79,0
4,0,0,0,0,28,0
5,9,0,0,0,184,0
7,0,0,0,0,11,0
2,3,0,0,0,126,0
2,0,0,1,0,150,0
1,0,0,0,0,72,0
1,0,0,1,0,81,0
3,9,0,0,0,132,0
3,2,0,0,0,194,0
0,1,0,0,0,226,0
0,0,0,0,0,68,0
2,1,0,0,0,143,0
13,17,0,0,0,151,0
12,31,0,0,0,243,0
1,2,0,0,0,107,0
1,0,0,0,1,63,0
1,0,0,0,0,95,0
1,3,0,0,0,63,0
5,4,0,0,0,67,0
4,0,0,0,0,142,0
1,3,0,0,0,42,0
5,6,0,0,0,40,0
1,4,0,0,0,24,0
2,4,0,0,0,61,0
0,0,0,1,0,72,0
0,2,0,0,0,32,0
0,0,0,0,0,163,0
5,0,0,0,0,13,0
2,4,0,0,0,72,0
3,2,0,0,0,21,0
3,0,0,0,0,28,0
4,0,0,0,0,83,0
3,2,0,0,0,87,0
2,2,0,0,0,96,0
0,3,0,1,0,66,0
7,0,0,0,0,97,0
2,3,0,0,0,37,0
2,0,0,0,0,27,0
1,1,0,0,0,32,0
0,3,0,0,1,34,0
4,0,0,0,0,35,0
2,2,0,0,0,35,0
2,0,0,1,0,123,0
1,0,0,0,0,98,0
3,0,0,0,0,34,0
9,0,0,0,0,49,0
3,0,0,0,0,33,0
2,0,0,0,0,29,0
6,0,0,0,0,117,0
2,5,0,0,0,82,0
4,0,0,1,0,72,0
6,7,0,0,0,124,0
1,0,0,1,0,232,0
3,7,0,1,0,169,0
3,0,0,0,0,81,0
1,1,0,0,0,147,0
1,0,0,0,0,80,0
3,1,0,0,0,75,0
1,0,0,0,0,94,0
1,2,0,0,0,106,0
5,2,0,0,0,57,0
0,0,0,0,0,91,0
2,0,0,0,0,45,0
1,0,0,0,0,35,0
1,0,0,0,0,50,0
3,1,0,0,0,89,0
1,1,0,0,0,91,0
2,0,0,0,0,58,0
8,0,0,1,0,74,0
0,0,0,0,0,89,0
15,0,0,0,0,86,0
1,1,0,0,0,47,0
9,0,0,1,0,37,0
1,5,0,0,0,24,0
2,3,0,1,0,173,0
10,0,0,0,0,99,0
1,1,0,0,0,80,0
3,2,0,1,0,54,0
0,0,0,0,0,53,0
5,2,0,1,0,109,0
5,2,0,0,0,64,0
0,0,0,0,0,32,0
0,0,0,1,0,107,0
0,0,0,0,0,38,0
0,0,0,1,0,72,0
3,0,0,0,0,141,0
1,0,0,1,0,69,0
1,1,0,0,0,58,0
6,13,0,0,0,56,0
0,2,0,0,0,48,0
5,4,0,0,0,92,0
3,4,0,0,0,59,0
1,0,0,0,0,98,0
0,0,0,0,0,47,0
5,0,0,1,0,93,0
7,3,0,1,0,155,0
0,0,0,0,0,135,0
0,0,0,0,1,78,0
0,1,0,0,0,39,0
0,3,0,0,0,25,0
1,0,0,0,0,53,0
2,0,0,0,0,74,0
3,2,1,0,0,44,0
5,0,0,0,0,175,0
0,2,0,0,0,61,0
15,2,0,0,0,32,0
9,1,0,0,0,167,0
8,0,0,0,0,87,0
5,0,0,0,0,77,0
4,0,0,0,0,166,0
1,1,0,0,1,58,0
2,3,0,0,0,20,0
5,6,0,0,0,53,0
2,0,0,0,0,46,0
1,0,0,0,0,38,0
9,4,0,0,0,85,0
5,1,0,0,0,70,0
4,2,0,0,0,133,0
0,5,0,0,0,45,0
3,5,0,0,1,126,0
2,4,0,0,0,94,0
1,0,0,1,0,61,0
1,0,0,0,0,42,0
1,1,0,0,0,75,0
2,0,0,0,0,53,0
52,7,0,1,0,79,0
1,0,0,1,0,52,0
0,0,0,0,0,175,0
22,2,0,0,0,82,0
1,0,0,0,0,28,0
0,0,0,0,0,77,0
1,0,0,0,0,76,0
4,1,0,0,0,42,0
1,0,0,1,0,119,0
2,1,0,0,0,109,0
2,1,0,0,0,100,0
2,0,0,1,0,159,0
3,1,0,0,0,154,0
1,6,0,0,0,281,0
3,0,0,1,0,35,0
1,0,0,0,0,38,0
1,0,0,0,0,32,0
1,0,0,1,0,29,0
4,3,0,0,0,161,0
3,0,0,0,0,87,0
6,0,0,0,0,138,0
2,0,0,0,0,56,0
2,2,0,0,0,86,0
12,5,0,0,0,172,0
1,1,0,1,0,84,0
5,0,0,0,0,16,0
1,0,0,0,0,94,0
2,0,0,0,0,41,0
1,0,0,0,0,73,0
2,2,0,0,1,115,0
2,3,0,0,0,149,0
1,2,0,1,0,112,0
2,1,0,0,0,75,0
2,4,0,1,0,185,0
4,6,0,0,0,123,0
0,0,1,0,0,99,0
1,0,0,0,0,28,0
4,2,0,0,0,57,0
4,4,0,0,0,198,0
2,0,0,0,0,45,0
2,0,0,0,0,37,0
0,1,0,0,0,179,0
0,0,0,0,0,38,0
6,4,1,1,0,91,0
2,1,0,0,0,45,0
0,0,0,0,0,33,0
3,2,0,0,0,38,0
1,0,0,1,0,57,0
3,12,0,0,0,90,0
14,15,0,0,0,98,0
4,2,0,0,0,165,0
1,0,0,0,0,70,0
2,0,0,0,0,18,0
1,0,0,0,0,148,0
1,2,0,0,0,117,0
0,5,0,0,0,237,0
3,11,0,0,0,82,0
18,2,0,0,0,93,0
2,0,0,0,0,45,0
2,0,0,0,0,34,0
4,0,0,0,0,109,0
8,2,0,0,0,82,0
8,6,1,0,0,191,0
1,0,0,0,0,14,0
1,1,0,0,0,57,0
2,4,0,1,0,103,0
4,0,0,0,0,52,0
1,1,0,0,0,27,0
8,0,0,1,0,106,0
18,3,0,0,0,217,0
1,0,0,1,0,120,0
9,4,0,0,0,269,0
17,19,0,1,0,134,0
1,0,0,0,0,110,0
1,0,0,0,0,61,0
0,1,0,1,0,30,0
3,5,0,0,0,224,0
4,5,0,0,0,375,0
1,0,0,0,1,85,0
18,29,0,0,0,171,0
2,6,0,0,0,128,0
4,0,0,0,0,165,0
2,0,0,0,0,22,0
7,0,0,1,0,71,0
2,0,0,0,1,119,0
1,1,0,0,0,60,0
1,1,0,1,0,82,0
1,0,0,0,0,64,0
2,0,0,1,0,49,0
2,0,0,1,0,58,0
2,0,0,0,0,225,0
2,0,0,1,0,104,0
6,15,0,0,0,55,0
14,2,0,1,0,73,0
5,0,0,0,0,104,0
0,10,0,0,0,34,0
6,0,0,1,1,80,0
1,0,0,1,1,266,0
2,4,0,0,0,115,0
11,2,0,0,0,21,0
1,6,0,0,0,84,0
0,0,0,0,0,141,0
0,2,0,1,0,95,0
0,0,0,1,0,84,0
0,0,0,0,0,31,0
0,0,0,0,0,108,0
0,0,0,1,0,80,0
1,0,0,0,0,36,0
1,0,0,0,0,16,0
2,3,0,0,0,33,0
8,0,0,0,0,16,0
1,1,0,0,0,67,0
2,0,0,0,0,26,0
2,9,1,0,0,271,0
0,0,0,0,0,88,0
1,0,0,0,0,29,0
0,0,0,0,0,100,0
0,0,0,0,0,22,0
3,1,0,1,0,82,0
1,0,0,0,0,78,0
9,2,0,0,0,48,0
1,4,0,0,0,254,0
2,0,0,0,0,94,0
1,0,0,0,0,9,0
1,0,0,0,0,63,0
3,0,0,0,0,207,0
3,0,0,0,0,42,0
7,2,0,0,0,110,0
11,0,0,1,0,44,0
1,0,0,0,0,110,0
2,0,0,0,0,21,0
1,0,0,0,0,36,0
2,1,0,0,0,109,0
2,3,0,0,0,140,0
2,0,0,0,0,16,0
5,8,0,0,0,15,0
7,5,0,0,0,69,0
0,0,0,0,0,33,0
1,0,0,0,0,112,0
6,2,0,0,0,66,0
13,0,0,0,0,30,0
10,4,0,0,0,208,0
2,13,0,1,0,227,0
10,10,1,0,0,167,0
3,4,0,0,0,135,0
0,0,0,0,0,33,0
3,0,0,0,0,143,0
0,1,0,0,0,113,0
0,4,0,0,0,83,0
2,0,0,0,0,69,0
0,5,0,1,0,106,0
0,0,0,0,0,40,0
3,2,0,0,0,144,0
1,0,0,0,0,81,0
8,0,0,0,0,101,0
2,2,0,0,0,452,0
2,0,0,0,0,22,0
2,2,0,0,0,60,0
4,5,0,0,0,30,0
0,0,0,0,0,78,0
2,6,1,0,0,208,0
8,0,0,0,0,83,0
0,0,1,1,0,119,0
0,0,0,0,0,48,0
2,0,0,0,0,7,0
0,1,0,0,0,51,0
25,31,0,0,0,90,0
4,0,0,0,0,236,0
2,7,0,0,0,90,0
2,0,0,0,0,42,0
0,0,0,0,0,14,0
1,0,0,0,0,59,0
18,6,0,1,0,212,0
1,7,0,0,0,21,0
2,3,0,0,0,20,0
8,5,0,0,0,52,0
1,0,0,0,0,61,0
1,0,0,0,0,97,0
0,0,0,0,0,47,0
1,0,0,1,0,34,0
3,1,0,0,0,44,0
0,0,0,0,0,51,0
1,0,0,0,0,106,0
1,1,0,0,0,181,0
12,1,0,0,0,106,0
5,0,0,0,0,112,0
3,3,0,0,0,48,0
3,1,0,0,0,104,0
1,2,0,0,0,251,0
1,2,0,0,0,59,0
3,0,0,0,0,20,0
2,1,0,0,0,45,0
1,2,0,0,0,66,0
6,0,1,0,0,77,0
16,1,0,1,0,114,0
3,0,0,0,0,15,0
1,2,0,0,0,42,0
1,0,0,0,0,70,0
3,0,0,0,0,39,0
10,7,0,0,0,189,0
1,3,0,1,0,91,0
15,50,0,0,0,133,0
2,0,0,0,0,61,0
0,0,1,0,0,61,0
1,0,0,0,0,133,0
2,0,0,0,0,36,0
2,1,0,0,0,66,0
4,1,0,0,0,76,0
1,0,0,1,0,94,0
0,0,0,0,0,175,0
2,0,0,1,0,147,0
3,8,0,0,0,68,0
3,0,0,0,0,100,0
1,0,0,0,0,59,0
9,2,0,0,0,173,0
1,0,0,0,0,105,0
5,2,0,0,0,51,0
1,0,0,0,0,30,0
0,0,0,0,0,21,0
5,1,0,1,0,102,0
1,0,0,0,0,81,0
0,0,0,1,0,61,0
0,0,0,0,0,35,0
0,0,0,0,0,72,0
1,0,0,0,0,84,0
6,6,0,0,0,58,0
4,2,0,0,0,73,0
0,1,0,1,0,384,0
1,7,1,1,0,78,0
1,1,0,1,0,91,0
0,5,0,1,0,106,0
2,1,0,0,0,10,0
1,0,0,0,0,41,0
2,1,0,1,0,107,0
0,2,0,0,0,131,0
2,3,0,0,0,21,0
10,3,0,1,0,62,0
1,1,1,0,0,63,0
1,0,0,0,0,119,0
2,3,0,0,0,47,0
1,0,0,0,0,199,0
18,10,1,0,0,38,0
2,0,0,0,0,89,0
1,0,0,0,0,96,0
3,0,0,1,0,50,0
0,3,0,0,1,34,0
8,13,0,0,0,109,0
2,0,0,0,0,31,0
2,0,0,0,0,59,0
1,0,0,0,0,74,0
4,0,0,0,1,89,0
3,6,0,1,0,197,0
1,0,0,0,0,22,0
5,0,0,0,0,59,0
2,0,0,0,0,23,0
5,1,0,0,0,125,0
0,2,0,0,0,175,0
1,5,0,0,0,35,0
0,0,0,1,0,66,0
1,0,0,0,0,76,0
0,3,0,0,0,74,0
0,0,0,1,0,48,0
2,12,0,0,0,86,0
1,2,0,0,0,42,0
1,0,0,0,0,94,0
1,1,0,0,0,55,0
0,0,0,1,0,124,0
0,1,0,1,0,38,0
2,2,0,0,0,124,0
1,0,0,0,0,29,0
0,2,0,0,0,61,0
1,5,0,0,0,95,0
9,3,0,0,0,24,0
6,9,0,1,0,164,1
0,2,1,0,1,93,1
2,1,0,0,0,102,1
0,2,0,0,0,147,1
2,0,0,0,0,58,1
1,3,0,1,0,120,1
10,4,0,0,0,137,1
1,0,0,0,0,65,1
17,2,0,0,0,131,1
3,0,0,0,1,104,1
8,0,0,0,0,56,1
3,0,0,0,0,101,1
2,6,0,0,0,52,1
6,4,0,0,1,38,1
2,9,0,0,0,84,1
8,0,0,0,1,89,1
8,1,0,0,0,126,1
7,0,0,0,0,122,1
23,14,1,0,0,158,1
8,1,0,1,0,67,1
0,0,0,1,0,69,1
6,2,0,1,0,65,1
9,8,0,1,0,99,1
8,0,0,0,0,46,1
2,1,0,0,0,100,1
31,1,0,0,0,24,1
5,0,0,0,0,71,1
0,2,0,0,0,60,1
11,2,0,0,0,54,1
0,2,0,0,0,91,1
6,6,0,0,0,69,1
4,0,0,0,0,62,1
34,12,1,0,0,129,1
0,1,0,0,0,58,1
1,0,0,1,0,116,1
0,0,1,0,0,25,1
6,3,0,0,0,25,1
3,0,0,0,0,35,1
9,4,0,1,0,33,1
7,0,1,0,0,25,1
0,0,0,1,0,57,1
49,13,0,0,0,52,1
17,3,0,0,1,113,1
1,0,0,0,0,135,1
7,2,0,0,0,166,1
18,9,0,0,0,21,1
20,9,0,0,0,109,1
1,1,1,0,0,130,1
3,4,0,0,0,136,1
2,2,0,0,0,176,1
5,3,0,0,0,119,1
8,1,0,0,0,222,1
9,6,0,0,0,64,1
29,9,0,0,0,153,1
6,7,1,0,0,7,1
2,1,0,1,0,116,1
5,1,0,0,0,87,1
6,3,0,0,0,73,1
9,5,0,1,0,80,1
30,10,0,0,0,51,1
0,0,0,1,0,126,1
1,0,0,0,0,63,1
3,1,0,0,0,81,1
9,9,0,0,0,108,1
5,6,0,0,0,211,1
4,0,0,0,0,208,1
7,1,1,0,0,133,1
11,2,0,0,0,81,1
32,2,1,0,0,156,1
20,1,0,0,0,40,1
6,1,0,0,0,67,1
9,3,0,0,0,76,1
16,4,0,0,0,87,1
4,8,0,1,0,84,1
6,0,0,1,0,155,1
2,6,0,0,0,36,1
21,4,0,0,0,62,1
4,7,0,0,0,196,1
4,0,0,0,0,79,1
1,0,0,0,0,63,1
1,6,0,1,0,118,1
10,2,0,0,0,152,1
2,3,0,0,0,172,1
6,15,0,0,0,85,1
19,2,0,0,0,190,1
4,3,0,0,0,42,1
8,1,0,0,0,130,1
6,2,0,1,0,151,1
15,14,0,0,1,74,1
4,2,0,1,0,145,1
7,5,0,0,0,55,1
15,2,0,0,0,132,1
3,13,1,0,0,272,1
18,12,0,0,0,220,1
3,1,0,0,0,124,1
11,16,0,0,0,175,1
3,0,0,0,0,84,1
35,2,0,0,0,115,1
2,3,1,0,0,57,1
0,2,0,0,0,77,1
14,3,0,1,0,115,1
3,4,0,0,1,109,1
2,5,0,0,1,341,1
11,6,0,0,0,58,1
12,2,1,0,0,115,1
1,2,0,0,0,148,1
4,1,0,0,0,105,1
2,3,0,0,0,297,1
5,4,0,0,0,76,1
5,2,0,0,0,78,1
39,2,0,0,0,138,1
15,1,0,0,0,39,1
1,9,0,0,0,94,1
2,0,0,1,0,147,1
4,9,0,0,0,126,1
2,7,1,0,0,66,1
1,0,0,0,0,36,1
1,0,0,0,1,101,1
5,3,0,0,0,139,1
0,2,0,1,0,68,1
3,0,1,0,0,110,1
2,2,0,0,0,98,1
3,2,0,0,0,23,1
1,0,0,0,0,602,1
1,2,0,0,0,60,1
1,0,0,0,0,40,1
3,7,0,0,1,52,1
2,2,0,0,0,21,1
2,1,0,0,0,12,1
43,10,0,0,0,82,1
2,8,0,0,0,94,1
20,4,0,0,0,113,1
0,2,0,1,0,35,1
6,1,0,0,0,11,1
0,0,0,0,0,112,1
1,1,0,0,0,75,1
40,9,1,0,1,162,1
9,3,0,0,0,340,1
5,6,0,0,0,21,1
7,2,0,0,1,104,1
7,2,0,0,0,25,1
8,2,0,1,0,69,1
0,1,0,0,0,31,1
3,5,1,0,0,35,1
18,4,0,0,0,53,1
14,21,0,0,0,40,1
2,2,0,0,1,28,1
0,2,0,0,0,39,1
7,6,0,0,0,86,1
3,0,0,0,0,109,1
2,1,0,0,0,62,1
3,5,0,0,0,31,1
25,4,0,1,0,158,1
25,5,0,0,0,33,1
8,0,0,0,0,14,1
1,2,0,0,0,69,1
24,2,0,0,0,35,1
5,2,0,1,0,82,1
6,7,0,0,0,133,1
3,9,0,0,0,107,1
6,4,0,0,0,78,1
2,7,0,1,0,106,1
2,4,0,0,0,196,1
2,3,0,0,0,126,1
4,7,0,0,0,50,1
4,9,0,0,0,44,1
1,1,0,0,0,73,1
0,0,0,0,0,56,1
22,2,0,0,0,440,1
15,1,0,0,0,93,1
2,3,0,0,0,70,1
7,2,0,1,0,51,1
4,4,0,0,0,53,1
0,0,0,1,1,111,1
23,25,1,0,0,143,1
2,2,0,0,0,39,1
2,0,0,0,0,39,1
4,3,0,0,0,129,1
1,0,0,0,0,92,1
14,0,0,0,0,133,1
1,0,0,1,0,56,1
37,18,0,1,0,78,1
2,3,0,0,0,113,1
1,3,0,0,0,28,1
8,9,0,1,0,45,1
0,0,0,0,0,24,1
2,1,0,0,0,16,1
1,1,0,0,0,210,1
2,0,0,0,0,212,1
3,5,0,1,0,56,1
8,7,0,1,0,74,1
6,4,0,0,1,83,1
12,4,1,0,0,59,1
1,6,1,0,0,404,1
3,3,0,0,0,85,1
0,2,0,0,0,156,1
2,0,0,0,0,33,1
11,10,0,0,0,86,1
3,1,0,0,0,57,1
2,0,0,0,0,79,1
14,8,0,0,0,202,1
15,3,0,0,0,60,1
1,3,0,0,0,66,1
1,3,0,0,0,83,1
3,5,0,0,0,174,1
2,0,0,0,0,64,1
3,2,0,0,0,10,1
1,3,0,0,0,25,1
0,0,0,0,0,32,1
5,3,0,0,0,132,1
0,4,0,0,0,70,1
0,0,0,0,0,67,1
2,2,0,0,0,151,1
1,0,0,0,0,61,1
0,4,0,1,0,83,1
2,0,0,0,0,72,1
6,5,0,1,0,108,1
1,4,0,0,0,102,1
1,1,0,0,0,145,1
3,2,0,0,0,91,1
7,10,0,0,0,59,1
2,7,0,0,0,114,1
2,0,0,0,0,73,1
1,6,0,1,0,170,1
1,2,0,0,0,57,1
1,0,0,0,0,56,1
1,2,0,0,0,31,1
6,8,0,1,0,97,1
6,0,0,0,0,40,1
5,0,0,1,0,206,1
2,2,0,1,0,60,1
2,0,0,0,0,212,1
2,1,0,0,0,66,1
9,3,0,0,0,48,1
26,3,1,0,0,206,1
0,2,0,0,0,68,1
6,3,0,0,0,61,1
0,6,0,1,1,154,1
1,0,0,0,0,29,1
3,3,0,0,0,99,1
4,8,0,0,0,103,1
12,14,0,0,0,84,1
40,9,0,0,0,67,1
2,1,0,0,0,56,1
14,4,0,0,0,68,1
14,2,0,0,0,110,1
7,4,0,0,0,76,1
13,3,0,0,0,108,1
6,5,0,0,0,55,1
2,0,0,0,0,54,1
39,10,0,0,0,49,1
0,2,0,0,0,27,1
1,2,0,0,0,93,1
11,6,0,0,0,86,1
0,3,0,1,0,42,1
0,0,0,0,0,96,1
5,3,0,0,0,43,1
1,1,0,0,0,32,1
0,14,0,0,0,16,1
1,5,0,0,0,105,1
4,1,0,0,0,49,1
1,4,0,0,0,400,1
10,4,0,0,0,189,1
2,3,0,0,0,38,1
33,3,0,0,0,115,1
0,0,0,1,0,96,1
0,4,0,1,0,86,1
3,2,0,1,0,90,1
2,0,0,0,0,130,1
3,1,0,0,0,129,1
4,4,0,1,0,86,1
5,1,0,0,0,41,1
26,6,0,1,0,102,1
24,40,1,1,0,419,1
1,0,0,0,0,101,1
15,3,0,0,0,144,1
0,2,0,0,0,120,1
16,19,0,0,0,60,1
1,0,0,0,0,10,1
116,26,0,0,0,144,1
1,8,0,0,0,41,1
0,1,0,0,0,19,1
10,2,1,0,0,169,1
5,1,0,0,0,119,1
26,5,0,0,0,131,1
1,2,0,1,0,130,1
17,4,0,0,0,129,1
17,3,0,0,0,19,1
12,9,0,0,0,189,1
8,3,0,0,0,96,1
0,5,0,0,0,150,1
1,1,0,1,0,106,1
1,2,0,0,0,131,1
1,3,0,0,0,48,1
4,5,0,0,0,36,1
0,6,0,0,0,111,1
6,2,0,1,0,59,1
11,13,1,0,0,45,1
3,0,0,0,0,29,1
2,0,0,1,0,87,1
0,1,0,0,0,211,1
2,3,1,0,0,75,1
2,3,0,0,0,80,1
12,4,0,1,0,137,1
5,2,0,1,0,28,1
5,3,0,1,0,42,1
1,0,0,0,0,43,1
25,14,1,0,0,199,1
9,4,0,0,0,252,1
2,2,0,0,0,36,1
0,3,0,0,0,343,1
0,1,0,1,0,48,1
2,1,0,0,0,93,1
14,7,0,0,0,64,1
12,13,0,0,0,168,1
3,1,0,0,0,57,1
0,2,0,1,0,149,1
4,12,0,0,0,53,1
1,2,0,0,0,21,1
3,1,0,0,0,25,1
2,3,0,1,0,85,1
0,1,1,0,0,29,1
21,18,0,0,0,78,1
9,8,0,0,1,144,1
13,7,0,0,0,37,1
5,6,0,1,0,132,1
0,1,0,0,0,45,1
0,1,0,0,0,85,1
0,1,1,0,0,34,1
4,5,0,1,0,25,1
1,0,0,0,0,8,1
0,0,0,0,0,15,1
0,6,0,0,0,52,1
0,6,0,0,0,24,1
0,2,0,0,0,51,1
0,8,0,0,0,400,1
0,1,0,0,0,46,1
1,1,0,1,0,97,1
0,0,0,0,0,186,1
2,1,0,1,0,42,1
2,4,0,0,0,128,1
0,2,0,0,0,157,1
11,5,0,0,0,63,1
7,3,1,0,0,29,1
71,5,0,0,1,213,1
5,9,0,0,0,202,1
2,7,0,0,0,86,1
0,0,0,0,0,66,1
2,2,0,0,0,185,1
10,1,0,0,0,49,1
160,26,0,0,0,152,1
3,0,0,0,0,40,1
1,0,0,0,0,148,1
0,0,0,1,0,42,1
6,5,0,0,0,90,1
0,7,1,0,0,81,1
2,5,0,0,0,132,1
1,3,0,0,0,105,1
21,6,1,0,0,165,1
18,2,0,0,0,77,1
26,9,0,1,0,110,1
1,6,0,1,0,78,1
1,1,0,1,1,90,1
0,0,0,1,0,97,1
3,4,0,0,0,53,1
1,2,0,0,0,139,1
2,0,0,0,0,69,1
2,0,0,1,0,33,1
1,1,0,0,0,31,1
2,5,0,0,0,221,1
3,7,0,0,0,554,1
1,4,0,0,0,466,1
1,9,0,0,0,69,1
1,2,0,0,1,427,1
0,6,0,0,0,63,1
7,2,0,1,0,227,1
7,2,0,0,0,154,1
41,11,0,0,0,320,1
1,9,0,0,0,48,1
1,13,0,0,0,92,1
13,6,0,0,0,62,1
1,1,0,1,0,69,1
16,2,0,1,0,106,1
6,4,0,0,0,58,1
1,1,0,0,0,39,1
1,2,0,0,0,91,1
1,2,0,0,0,139,1
6,7,0,0,0,28,1
11,10,0,0,0,69,1
2,0,0,1,0,57,1
20,0,0,0,1,156,1
2,5,0,0,0,216,1
7,4,1,1,0,95,1
7,5,0,1,0,118,1
2,1,0,0,0,87,1
2,0,0,1,0,91,1
2,6,0,0,0,56,1
32,8,0,0,0,70,1
3,2,0,0,0,36,1
0,16,0,0,0,82,1
1,12,0,0,0,153,1
5,6,0,0,0,187,1
0,4,0,0,0,50,1
1,1,0,0,0,131,1
0,0,0,0,0,92,1
0,0,0,0,0,56,1
14,2,0,0,0,156,1
2,3,0,0,0,75,1
6,2,0,0,0,55,1
23,16,0,1,0,109,1
9,0,0,1,0,18,1
3,0,0,1,0,57,1
3,1,0,0,0,20,1
7,3,0,0,0,73,1
1,0,0,0,0,54,1
11,1,0,0,0,67,1
2,3,1,0,0,54,1
22,17,0,0,0,119,1
1,4,0,0,0,128,1
2,4,0,0,0,181,1
1,4,0,0,0,39,1
2,0,0,0,0,29,1
3,1,0,0,0,83,1
5,3,0,1,0,59,1
3,1,0,0,0,104,1
3,3,0,0,0,31,1
1,0,0,1,0,84,1
3,0,1,1,0,257,1
1,0,0,0,0,115,1
1,0,0,0,0,108,1
19,7,0,0,0,100,1
1,2,0,1,0,51,1
2,7,0,1,0,76,1
0,2,0,0,0,83,1
16,16,0,0,0,93,1
5,8,0,0,0,53,1
2,4,0,0,0,90,1
1,4,0,1,0,93,1
1,9,0,0,0,19,1
6,2,0,0,0,19,1
1,0,0,0,0,106,1
6,0,0,0,0,62,1
4,1,0,1,0,144,1
13,7,0,0,0,78,1
2,0,0,0,0,63,1
5,11,1,1,0,344,1
23,5,0,0,0,29,1
2,0,0,0,0,31,1
1,6,0,0,0,40,1
1,4,0,0,0,191,1
11,7,0,0,0,96,1
3,3,0,0,0,114,1
21,9,0,0,0,100,1
1,6,0,0,0,50,1
9,4,0,0,0,47,1
4,0,0,0,0,40,1
1,5,0,0,0,55,1
13,3,0,0,0,56,1
2,1,0,0,0,65,1
65,19,0,0,0,45,1
14,1,0,0,0,83,1
0,4,0,0,0,68,1
1,1,0,0,0,25,1
27,2,0,0,0,101,1
11,8,0,0,0,35,1
1,0,1,0,0,82,1
0,1,0,0,0,66,1
0,1,0,0,0,55,1
7,1,0,0,0,35,1
2,4,0,0,0,86,1
6,7,0,0,0,30,1
1,2,0,0,0,27,1
0,4,0,0,0,39,1
1,4,0,0,0,43,1
2,0,0,0,0,43,1
21,6,0,0,0,67,1
12,2,0,1,0,158,1
1,3,0,0,0,37,1
3,3,0,0,0,37,1
9,17,0,0,0,96,1
3,0,0,0,0,27,1
2,1,0,0,0,39,1
11,4,0,1,0,70,1
2,4,0,0,0,64,1
7,0,0,0,0,141,1
26,5,0,0,0,102,1
15,8,0,1,0,171,1
8,2,0,0,0,92,1
2,2,0,0,0,52,1
7,2,0,1,0,69,1
2,2,1,0,0,302,1
3,0,0,1,0,145,1
1,2,0,0,0,120,1
3,4,0,1,0,108,1
0,4,0,1,0,120,1
52,4,0,0,0,14,1
4,5,0,0,0,203,1
2,0,0,1,0,138,1
2,0,0,0,0,19,1
4,2,0,0,0,74,1
3,1,0,0,0,139,1
7,4,0,1,0,113,1
0,0,0,0,0,104,1
12,0,0,1,1,65,1
25,6,0,0,0,34,1
19,9,0,0,0,102,1
11,13,0,0,0,28,1
11,0,0,0,0,102,1
4,9,0,0,1,61,1
3,6,0,1,0,33,1
4,8,0,0,0,83,1
4,3,0,0,0,71,1
2,5,0,0,0,31,1
39,9,0,0,0,45,1
2,0,0,0,0,21,1
2,0,0,0,0,6,1
4,3,0,0,1,90,1
38,9,1,0,0,520,1
7,13,1,1,0,208,1
2,0,0,0,0,89,1
3,2,1,0,0,75,1
2,0,0,1,0,149,1
5,1,0,0,0,69,1
4,4,0,1,1,35,1
1,4,0,0,0,112,1
3,7,0,0,0,84,1
1,3,0,0,0,73,1
3,0,0,0,0,85,1
3,7,1,0,0,180,1
0,4,0,1,0,103,1
11,1,0,0,0,61,1
2,0,0,1,0,90,1
11,8,0,1,0,86,1
0,4,0,0,0,55,1
0,0,0,0,0,78,1
6,3,0,0,0,123,1
2,0,0,0,0,38,1
9,2,0,0,0,54,1
10,3,0,0,0,74,1
0,3,0,0,0,110,1
2,6,0,0,0,139,1
1,3,0,0,0,113,1
0,5,0,0,1,71,1
2,5,0,0,0,164,1
1,1,0,0,0,51,1
17,6,0,0,0,431,1
2,1,0,1,0,94,1
8,22,0,0,0,113,1
5,2,0,0,0,190,1
1,8,0,0,0,51,1
1,4,0,1,0,92,1
5,3,0,0,0,73,1
2,2,0,1,0,57,1
11,2,1,1,0,42,1
1,7,0,0,0,70,1
20,5,0,0,0,160,1
1,2,0,1,0,120,1
1,0,0,0,0,99,1
13,12,0,0,0,103,1
2,0,1,0,0,53,1
2,1,0,1,0,152,1
33,5,0,0,0,70,1
8,10,0,0,0,23,1
0,0,0,0,0,37,1
12,2,0,0,0,136,1
15,5,0,0,0,94,1
4,5,0,0,0,16,1
4,4,0,1,0,124,1
7,4,0,0,0,32,1
10,8,0,0,1,296,1
13,11,0,0,0,69,1
1,17,0,0,1,111,1
18,13,0,0,0,27,1
13,6,0,0,0,40,1
6,1,0,0,0,51,1
6,4,1,0,1,201,1
7,6,0,0,0,76,1
4,0,0,0,0,51,1
6,7,0,1,0,55,1
3,1,0,0,1,170,1
7,3,0,0,0,95,1
1,2,0,1,0,42,1
1,1,0,1,0,48,1
0,0,0,0,0,60,1
0,2,0,0,0,65,1
5,1,0,0,0,66,1
0,0,0,1,1,130,1
7,2,0,1,0,20,1
3,0,0,0,0,82,1
18,1,0,0,0,47,1
0,5,0,0,0,49,1
12,5,0,1,0,62,1
6,6,0,0,0,98,1
12,4,1,0,0,91,1
0,0,0,0,0,64,1
2,5,0,0,0,43,1
3,5,0,0,0,53,1
8,6,0,1,0,321,1
5,2,0,0,1,103,1
4,3,0,1,0,75,1
0,6,0,0,0,12,1
11,11,0,0,0,183,1
2,6,0,0,0,97,1
0,4,1,0,0,191,1
0,4,0,0,0,89,1
20,5,0,0,0,91,1
11,2,0,0,0,316,1
4,7,0,0,0,64,1
10,8,0,0,0,117,1
3,5,0,0,0,154,1
10,1,0,0,0,49,1
1,1,0,0,0,83,1
0,0,0,0,0,108,1
13,8,0,0,0,140,1
19,13,1,0,0,48,1
3,6,0,0,0,39,1
19,3,0,0,0,42,1
0,0,0,0,0,68,1
4,12,0,1,0,64,1
8,2,0,0,0,67,1
1,0,0,0,0,120,1
0,5,0,0,0,28,1
1,6,0,0,0,13,1
9,3,0,0,0,26,1
16,13,0,0,0,193,1
14,13,0,0,0,29,1
7,7,0,0,0,17,1
5,1,0,0,0,218,1
71,7,0,1,0,75,1
20,14,0,0,0,25,1
4,2,0,0,0,124,1
2,4,0,1,0,102,1
4,10,0,1,0,56,1
7,7,0,1,0,164,1
0,2,0,0,0,172,1
1,8,0,1,0,138,1
60,14,0,1,0,34,1
1,4,0,0,0,244,1
0,0,0,0,0,64,1
22,5,0,0,0,26,1
6,3,0,0,0,48,1
31,5,0,1,1,442,1
27,7,1,0,1,156,1
6,9,0,0,0,96,1
2,3,0,0,0,60,1
8,8,0,0,0,120,1
2,3,0,0,0,111,1
16,8,0,0,0,80,1
54,3,0,1,0,118,1
5,5,0,0,0,70,1
10,5,0,0,0,72,1
0,0,0,1,0,53,1
2,3,0,0,0,133,1
2,3,0,0,0,79,1
5,2,0,0,0,91,1
3,4,1,1,0,216,1
0,1,0,0,0,67,1
5,2,0,0,0,40,1
19,4,0,1,0,98,1
6,13,0,0,0,44,1
0,0,0,0,0,50,1
5,2,0,0,0,74,1
11,11,1,0,0,265,1
25,2,0,0,0,261,1
8,4,0,0,0,76,1
1,0,0,0,0,93,1
7,1,0,1,0,135,1
1,0,1,0,0,38,1
8,13,0,1,0,53,1
1,0,1,0,0,92,1
1,3,0,0,0,72,1
9,8,0,0,0,54,1
19,4,0,0,0,122,1
8,0,0,1,0,83,1
3,0,0,0,0,8,1
7,6,0,1,0,127,1
4,2,0,0,0,247,1
3,1,0,1,0,51,1
0,2,0,0,0,163,1
1,1,0,0,0,209,1
3,3,0,0,0,43,1
9,13,0,0,0,38,1
5,3,0,0,0,67,1
11,5,0,0,0,22,1
11,6,0,0,0,45,1
5,7,0,0,0,15,1
1,5,0,0,0,28,1
3,1,0,0,0,74,1
22,6,0,0,1,127,1
13,17,0,0,0,60,1
5,4,1,1,0,119,1
4,5,1,0,0,175,1
11,15,0,0,0,119,1
7,8,0,0,0,54,1
9,7,0,0,0,53,1
3,7,0,1,0,72,1
5,1,0,0,0,152,1
0,6,0,0,0,60,1
1,13,0,0,0,80,1
0,3,0,0,0,83,1
14,8,0,1,0,62,1
14,0,0,0,0,19,1
1,4,0,1,0,150,1
2,2,0,1,0,85,1
17,4,0,0,0,163,1
2,1,0,0,0,30,1
3,2,0,0,0,24,1
25,3,0,0,0,68,1
3,1,0,1,0,48,1
9,1,0,1,0,78,1
2,2,0,0,0,277,1
1,3,0,1,0,73,1
4,1,0,0,0,124,1
4,3,0,0,0,139,1
2,12,0,0,0,35,1
16,8,0,0,0,45,1
2,1,0,0,0,39,1
7,2,0,0,0,94,1
7,18,1,0,0,78,1
3,0,0,0,0,431,1
1,4,0,0,0,52,1
2,4,0,0,1,41,1
13,6,0,0,0,82,1
3,5,0,0,0,52,1
2,6,0,0,0,59,1
0,1,0,0,0,7,1
41,32,0,0,1,176,1
7,8,0,0,0,42,1
6,0,0,1,0,97,1
1,5,0,0,0,70,1
4,7,0,0,0,69,1
13,17,0,0,0,73,1
3,2,0,0,0,26,1
14,3,0,0,0,51,1
0,0,0,0,0,93,1
5,6,0,0,0,169,1
2,2,0,0,0,85,1
1,1,0,1,0,361,1
2,2,0,0,0,50,1
70,7,0,0,0,108,1
7,9,0,1,0,90,1
2,4,0,0,0,63,1
0,4,0,0,0,131,1
7,3,0,0,0,66,1
80,13,0,0,0,91,1
1,4,0,0,0,21,1
4,3,0,0,0,88,1
11,2,0,0,0,61,1
4,1,0,0,0,315,1
2,2,0,0,0,115,1
3,7,0,0,0,134,1
16,2,0,1,0,65,1
4,1,0,0,0,78,1
2,2,0,0,0,50,1
2,0,0,1,0,109,1
7,5,0,0,0,113,1
14,7,0,0,0,100,1
13,1,0,0,0,134,1
0,2,0,0,0,105,1
8,17,0,0,0,72,1
1,3,0,0,0,114,1
13,5,0,0,0,54,1
34,11,0,0,0,152,1
2,2,0,0,0,84,1
1,0,0,0,0,46,1
0,0,0,0,1,42,1
3,10,0,0,0,75,1
32,28,1,1,0,196,1
14,1,0,0,1,27,1
4,2,0,0,0,32,1
0,4,0,0,0,55,1
26,16,0,0,0,164,1
20,11,0,0,0,97,1
4,4,0,0,0,98,1
0,0,0,0,0,103,1
4,0,0,1,0,122,1
2,0,0,1,0,16,1
2,4,1,0,0,87,1
2,2,0,0,0,58,1
2,1,0,0,0,75,1
4,2,0,0,0,43,1
6,1,0,0,0,142,1
6,10,0,1,0,158,1
15,4,0,1,0,55,1
0,1,0,0,0,53,1
9,1,0,0,0,30,1
7,4,1,0,0,45,1
8,6,0,0,0,127,1
5,8,0,0,0,102,1
19,8,0,0,0,96,1
21,2,0,0,1,70,1
7,0,0,0,0,120,1
10,6,0,0,0,135,1
0,4,0,0,0,63,1
5,17,0,0,1,192,1
7,4,0,0,0,130,1
6,5,0,0,0,120,1
12,4,0,0,0,37,1
14,2,0,1,0,60,1
69,29,0,0,0,20,1
7,4,1,0,0,94,1
0,2,0,0,0,237,1
18,12,0,0,0,102,1
0,0,0,1,0,82,1
37,10,0,0,0,106,1
8,9,0,0,0,69,1
7,0,0,0,0,131,1
1,0,0,0,0,100,1
3,3,0,0,0,74,1
22,12,0,0,0,36,1
0,0,0,0,0,94,1
4,3,0,1,0,69,1
4,5,0,0,0,99,1
6,3,0,0,0,91,1
0,1,0,1,1,214,1
0,0,0,0,0,78,1
0,0,0,0,0,46,1
29,5,0,0,0,85,1
2,0,0,1,0,82,1
9,9,0,0,0,243,1
15,3,1,0,0,83,1
3,0,0,0,0,34,1
12,4,0,0,0,128,1
3,2,0,0,0,77,1
1,1,0,1,0,120,1
20,4,0,0,0,106,1
9,5,0,1,0,125,1
3,6,1,0,1,387,1
2,1,0,1,0,189,1
0,0,0,1,0,119,1
4,1,0,1,0,84,1
4,2,0,1,0,151,1
7,9,0,0,0,24,1
3,2,0,0,0,48,1
3,10,0,1,0,59,1
6,8,0,0,0,106,1
16,3,0,0,0,205,1
10,0,0,0,0,46,1
0,1,0,0,0,66,1
2,0,0,1,0,70,1
6,3,0,0,0,98,1
29,4,0,0,0,39,1
17,12,1,0,0,71,1
7,3,0,0,0,99,1
10,2,0,0,0,11,1
3,3,0,1,0,102,1
1,2,0,1,0,393,1
12,7,0,0,0,136,1
2,3,0,0,0,108,1
2,0,0,0,0,44,1
7,6,0,0,0,147,1
6,0,0,0,0,27,1
0,0,0,0,0,28,1
1,2,0,0,0,14,1
28,10,0,0,0,37,1
1,0,0,0,0,126,1
8,0,0,0,0,62,1
1,0,0,0,0,58,1
3,2,0,0,0,64,1
13,4,0,0,0,89,1
2,3,0,0,0,47,1
4,1,0,1,0,69,1
0,2,0,1,0,150,1
0,10,0,0,0,70,1
1,3,0,0,0,35,1
20,1,0,0,0,160,1
2,1,0,0,0,186,1
1,16,0,0,0,12,1
2,7,0,1,0,56,1
4,3,0,0,0,65,1
8,6,0,0,0,46,1
2,11,0,0,0,22,1
3,4,0,0,0,99,1
13,3,0,0,0,32,1
4,0,0,0,0,5,1
8,0,0,0,0,36,1
4,11,0,0,0,105,1
6,2,0,1,0,115,1
0,0,0,0,0,34,1
3,4,0,0,0,86,1
38,11,0,0,0,46,1
3,4,0,0,0,64,1
3,2,0,1,0,121,1
3,3,0,0,1,113,1
3,3,0,0,0,45,1
10,2,0,0,0,102,1
8,8,0,0,0,90,1
2,3,0,0,0,66,1
9,6,0,0,0,71,1
6,5,0,0,0,117,1
1,2,0,0,0,98,1
10,2,0,0,0,36,1
7,0,0,1,0,36,1
1,1,0,0,0,53,1
11,8,0,1,0,35,1
21,4,0,0,0,66,1
5,1,0,0,0,75,1
1,10,0,1,0,64,1
20,7,0,0,0,67,1
8,13,0,0,1,110,1
10,9,0,0,0,39,1
5,4,0,0,0,24,1
19,1,0,1,0,172,1
2,0,0,0,0,27,1
2,2,0,0,0,76,1
13,4,0,0,0,83,1
3,2,0,0,0,8,1
18,26,1,0,0,53,1
1,0,0,0,0,29,1
6,1,0,0,0,27,1
12,2,0,0,1,63,1
20,5,0,0,0,58,1
1,3,0,0,1,106,1
38,25,0,0,0,81,1
15,2,0,0,0,104,1
25,5,0,0,0,93,1
0,6,0,0,0,152,1
46,7,0,0,0,44,1
6,8,0,1,0,110,1
3,3,0,0,0,51,1
0,3,0,0,0,44,1
1,0,0,0,0,410,1
5,4,0,1,0,53,1
0,0,0,0,0,41,1
1,3,0,1,0,68,1
6,7,0,0,0,64,1
3,0,0,1,0,76,1
8,2,0,0,0,208,1
1,5,0,0,0,62,1
2,11,0,0,0,182,1
28,7,0,0,0,556,1
4,4,0,0,0,44,1
0,9,0,0,0,18,1
2,1,1,1,0,59,1
4,1,0,0,0,68,1
0,0,0,0,0,38,1
7,9,0,1,0,64,1
7,4,0,0,0,145,1
13,3,0,0,0,78,1
2,7,0,1,0,104,1
0,2,0,0,0,148,1
26,4,0,0,0,52,1
1,4,0,0,0,114,1
1,6,0,1,0,169,1
5,2,0,1,0,123,1
13,6,0,0,0,103,1
2,0,0,0,0,41,1
1,11,0,1,0,79,1
2,1,0,0,0,51,1
7,5,0,0,0,29,1
1,5,0,0,0,32,1
2,3,0,0,0,14,1
2,1,0,0,0,36,1
3,5,0,0,0,137,1
1,6,0,0,0,43,1
0,14,0,0,0,54,1
9,17,0,0,1,181,1
6,1,0,0,0,50,1
0,1,0,1,0,73,1
3,0,0,0,0,9,1
0,23,0,0,0,58,1
1,4,0,0,0,264,1
6,14,1,0,1,38,1
0,5,0,0,0,68,1
0,2,0,0,0,106,1
7,3,0,0,0,197,1
4,0,0,0,0,108,1
1,3,0,0,0,77,1
1,1,0,0,0,40,1
2,0,0,0,0,64,1
65,12,0,0,0,147,1
1,2,0,0,0,68,1
1,4,0,0,0,26,1
9,18,0,0,0,7,1
38,6,0,0,0,84,1
2,5,0,0,0,36,1
1,1,0,0,0,131,1
3,9,0,0,0,86,1
4,5,0,0,0,170,1
9,1,0,1,0,79,1
6,0,0,0,0,89,1
2,15,0,0,0,46,1
33,9,0,1,0,131,1
1,1,0,1,0,150,1
24,2,0,0,0,102,1
5,10,0,0,0,44,1
0,10,0,0,0,73,1
1,7,0,0,0,53,1
1,5,0,0,0,90,1
1,7,0,0,0,70,1
10,3,1,0,0,32,1
0,2,0,1,0,134,1
1,0,0,0,0,83,1
1,2,0,1,0,79,1
0,4,0,0,0,41,1
2,1,0,0,0,127,1
13,4,0,0,0,54,1
4,4,0,0,0,64,1
0,4,0,0,0,56,1
2,10,0,0,0,124,1
86,12,0,0,0,47,1
1,1,0,1,0,32,1
3,0,0,0,0,43,1
2,5,0,0,0,77,1
7,6,0,0,0,123,1
1,5,0,0,0,64,1
1,3,1,0,0,143,1
1,1,0,0,0,28,1
1,6,0,1,0,247,1
18,9,0,0,0,66,1
0,2,0,0,0,63,1
6,5,0,0,0,21,1
1,0,0,0,0,30,1
17,16,1,0,0,93,1
1,0,0,0,0,96,1
18,24,0,1,0,18,1
58,16,0,0,0,42,1
2,2,0,1,0,100,1
4,6,0,0,0,67,1
15,3,0,0,0,74,1
6,3,0,0,0,46,1
1,3,0,0,0,100,1
5,9,0,0,1,53,1
9,14,0,0,0,119,1
1,8,0,0,0,115,1
6,7,0,0,0,145,1
25,5,0,1,0,47,1
2,0,0,0,0,141,1
1,5,0,1,0,120,1
4,0,0,0,0,54,1
14,2,0,1,0,32,1
5,4,0,0,0,5,1
3,3,0,0,0,71,1
0,0,0,0,0,114,1
1,1,0,0,0,122,1
0,2,0,0,0,95,1
1,1,0,1,0,142,1
12,1,0,0,0,155,1
2,2,0,0,0,69,1
1,22,0,0,0,62,1
8,4,0,0,0,93,1
1,2,0,0,0,42,1
5,6,1,0,0,19,1
1,7,0,1,0,71,1
4,4,0,0,0,31,1
0,3,0,0,0,69,1
2,3,0,1,0,112,1
18,17,0,0,0,172,1
46,4,0,1,0,84,1
1,1,0,0,0,109,1
3,2,0,0,0,89,1
9,2,0,0,0,58,1
53,20,0,0,0,91,1
2,1,0,0,0,55,1
0,0,0,0,0,122,1
40,17,0,1,0,81,1
2,2,0,1,0,345,1
0,0,0,0,0,47,1
1,1,0,0,0,89,1
4,9,0,0,0,29,1
6,2,0,1,0,99,1
5,8,0,0,0,95,1
3,0,0,0,0,127,1
0,0,0,0,0,63,1
12,9,0,0,1,89,1
6,2,0,0,0,48,1
11,0,0,0,0,103,1
3,0,0,0,0,62,1
2,0,0,0,0,218,1
1,5,0,0,0,73,1
5,0,0,1,0,51,1
3,2,0,0,0,78,1
16,10,0,0,0,102,1
0,2,0,0,0,47,1
4,5,0,0,0,55,1
10,0,0,0,0,87,1
3,6,0,0,0,45,1
2,5,0,1,0,136,1
1,1,0,0,0,185,1
15,12,0,0,0,45,1
14,4,1,1,0,75,1
21,8,0,0,0,95,1
16,3,0,0,0,37,1
1,4,0,0,0,26,1
15,9,0,0,0,85,1
0,0,0,0,0,163,1
0,0,0,0,0,52,1
7,24,0,0,0,70,1
8,0,0,1,0,226,1
2,0,0,0,0,61,1
27,8,0,0,0,84,1
1,6,0,0,0,46,1
0,3,0,0,0,79,1
4,1,1,0,0,77,1
5,3,1,0,0,96,1
8,2,0,0,0,43,1
0,0,0,0,0,117,1
12,3,0,0,0,92,1
2,8,0,1,0,120,1
4,2,0,0,0,59,1
2,2,1,0,0,175,1
1,7,0,1,0,83,1
1,1,0,0,0,124,1
1,3,0,0,0,88,1
2,1,0,0,0,34,1
1,2,0,1,0,47,1
4,1,0,0,0,26,1
2,0,0,0,0,161,1
0,0,0,0,0,168,1
5,4,0,1,0,144,1
3,2,0,0,0,72,1
4,8,0,0,0,135,1
3,2,0,0,0,76,1
9,4,0,0,0,29,1
15,10,1,1,0,51,1
6,7,0,0,0,44,1
0,1,0,0,0,29,1
49,5,0,0,0,107,1
4,1,0,1,0,57,1
3,0,0,0,0,52,1
3,5,0,1,0,42,1
23,27,0,0,0,56,1
2,6,0,0,0,17,1
2,3,0,0,0,57,1
8,5,0,0,0,189,1
2,1,0,1,0,98,1
15,9,1,0,0,135,1
19,8,0,0,0,69,1
10,8,0,0,0,39,1
0,0,0,0,0,193,1
6,1,0,0,0,10,1
1,4,0,1,0,322,1
1,0,0,0,0,44,1
0,1,0,0,0,73,1
2,2,0,1,0,155,1
3,1,0,0,0,75,1
6,1,0,1,0,89,1
3,3,0,1,0,143,1
3,0,0,0,0,146,1
4,3,1,0,0,163,1
0,5,0,0,0,35,1
6,8,0,0,0,55,1
12,7,0,1,0,65,1
2,1,0,0,0,31,1
0,1,0,0,0,35,1
0,2,0,0,0,79,1
23,3,0,0,0,62,1
2,0,0,0,0,88,1
0,7,0,1,0,67,1
19,8,0,0,0,54,1
2,1,0,0,0,211,1
0,0,0,0,0,49,1
0,0,0,0,0,57,1
39,3,0,0,0,69,1
0,1,0,1,0,38,1
1,3,0,0,0,44,1
5,3,0,0,0,9,1
28,21,0,0,0,47,1
0,0,1,0,0,35,1
1,0,1,0,0,284,1
2,0,0,0,0,73,1
7,8,0,0,0,61,1
8,1,0,0,0,126,1
10,3,0,0,0,173,1
1,0,0,1,0,130,1
1,5,0,1,0,83,1
2,2,0,0,1,47,1
1,2,0,0,0,56,1
1,3,0,0,0,57,1
0,0,0,0,0,115,1
2,1,0,0,0,27,1
1,3,0,0,0,73,1
10,11,0,0,1,56,1
18,8,0,0,0,49,1
2,0,0,0,0,18,1
8,8,0,0,0,57,1
3,1,0,0,0,84,1
0,0,0,0,0,73,1
86,12,0,0,0,51,1
1,2,0,0,0,155,1
10,20,0,0,0,120,1
0,6,0,1,0,87,1
24,3,1,1,0,157,1
1,0,0,0,0,53,1
9,4,1,0,1,168,1
1,0,0,0,0,33,1
4,5,0,0,0,219,1
8,4,0,1,0,27,1
29,4,0,0,0,54,1
32,8,1,0,0,38,1
1,0,0,0,0,39,1
5,2,0,0,0,61,1
0,8,0,1,0,118,1
3,9,0,0,0,524,1
10,2,0,0,1,267,1
16,4,0,0,0,113,1
2,2,0,1,0,45,1
0,0,0,0,0,60,1
1,1,0,0,0,48,1
21,3,0,0,0,64,1
2,0,0,0,0,64,1
2,2,0,0,0,85,1
0,1,0,0,0,114,1
1,1,0,0,0,100,1
4,4,0,0,0,50,1
1,2,1,0,0,99,1
13,6,0,1,0,131,1
8,2,0,0,1,119,1
2,2,0,0,0,61,1
5,3,0,0,0,99,1
1,0,0,0,0,47,1
5,1,0,1,0,78,1
3,6,0,1,0,70,1
1,0,1,0,0,135,1
3,2,0,0,0,49,1
7,4,1,0,0,167,1
1,3,0,0,0,16,1
9,1,0,0,0,54,1
2,0,0,0,0,170,1
0,6,0,0,0,80,1
11,4,0,1,0,126,1
27,5,0,0,1,295,1
4,7,1,0,1,45,1
2,4,0,0,0,108,1
2,5,0,1,0,58,1
4,2,0,1,0,43,1
2,2,0,0,0,111,1
1,1,0,0,0,61,1
1,0,0,1,0,31,1
0,2,0,1,0,93,1
9,6,0,0,0,81,1
0,8,0,0,0,70,1
19,5,0,0,0,78,1
2,3,0,0,0,79,1
3,3,0,1,1,157,1
2,2,0,1,0,62,1
1,0,0,0,0,36,1
1,3,0,0,0,133,1
4,1,0,0,0,41,1
0,2,0,0,0,81,1
3,11,0,1,0,100,1
1,0,0,0,0,20,1
0,0,0,0,0,50,1
10,3,0,0,0,150,1
10,1,0,0,0,42,1
1,8,0,0,0,74,1
21,5,0,0,0,63,1
0,6,0,0,0,46,1
1,9,0,0,0,428,1
0,2,0,0,0,57,1
12,17,1,0,0,80,1
1,2,0,0,0,110,1
0,8,0,0,0,199,1
0,5,0,0,0,133,1
0,2,0,1,0,45,1
2,3,0,0,0,133,1
0,0,0,0,0,102,1
7,1,0,0,0,66,1
2,0,0,0,0,117,1
0,1,0,1,0,141,1
2,1,0,0,0,23,1
3,15,0,0,0,80,1
2,1,1,0,0,49,1
5,0,0,1,0,87,1
1,0,1,0,0,44,1
0,3,0,0,0,130,1
1,0,0,0,0,67,1
1,0,0,0,0,221,1
3,1,0,0,0,72,1
3,9,0,0,0,81,1
1,4,0,0,0,149,1
4,7,0,1,0,54,1
2,0,0,0,0,75,1
22,11,0,1,0,107,1
8,3,0,0,0,18,1
2,0,0,1,0,183,1
2,2,0,0,0,583,1
2,3,0,0,0,95,1
3,0,0,0,0,79,1
3,3,0,0,0,89,1
2,1,0,0,0,17,1
1,5,0,0,0,84,1
2,1,0,1,0,58,1
11,21,0,0,0,60,1
2,9,0,0,0,160,1
10,7,1,0,0,62,1
1,1,0,0,0,100,1
2,11,0,0,0,34,1
3,4,0,1,0,24,1
5,14,0,1,0,70,1
6,4,0,0,0,47,1
1,3,0,0,0,90,1
3,1,0,0,0,134,1
2,2,0,0,0,121,1
1,2,0,0,0,189,1
2,4,0,0,0,60,1
2,4,0,1,0,59,1
1,6,0,0,0,82,1
2,5,0,1,0,54,1
6,3,0,0,0,125,1
11,1,0,0,0,62,1
2,6,0,0,0,51,1
2,2,0,1,0,119,1
9,4,0,0,0,248,1
3,3,0,0,0,48,1
11,6,0,1,0,341,1
19,7,0,0,0,213,1
8,4,0,0,0,65,1
3,0,0,1,0,73,1
6,1,0,0,0,63,1
5,6,0,1,0,62,1
8,1,0,1,0,82,1
6,7,0,0,0,76,1
1,2,0,0,0,51,1
0,1,0,1,0,106,1
6,6,1,1,0,127,1
6,9,1,0,0,58,1
1,2,0,0,1,61,1
2,3,0,0,0,64,1
6,1,0,0,0,269,1
3,21,0,0,0,249,1
7,19,0,0,0,87,1
7,1,0,0,0,120,1
0,2,0,0,0,67,1
2,2,0,0,0,37,1
3,7,0,0,0,310,1
1,1,0,0,0,87,1
13,8,0,0,0,267,1
10,6,0,0,0,200,1
3,8,1,0,0,29,1
1,2,0,0,0,49,1
3,1,0,0,1,85,1
0,5,0,0,0,27,1
2,2,0,0,1,69,1
0,5,0,0,0,180,1
5,3,0,0,0,309,1
3,6,0,0,0,93,1
0,1,0,0,0,42,1
1,2,0,0,0,89,1
0,1,0,0,0,43,1
2,11,1,0,0,98,1
1,1,0,0,0,38,1
0,1,0,0,0,73,1
6,5,0,0,0,60,1
5,1,0,1,0,32,1
4,2,0,0,0,126,1
4,4,0,0,0,71,1
10,28,0,0,0,99,1
10,5,0,0,1,81,1
3,2,0,0,0,85,1
2,1,0,0,0,111,1
14,9,0,0,1,118,1
4,4,0,0,0,114,1
8,3,0,1,0,83,1
67,8,0,0,0,562,1
2,3,0,1,0,236,1
6,12,0,0,0,35,1
3,5,0,1,0,101,1
8,11,0,0,0,80,1
5,10,0,0,0,64,1
2,4,0,0,0,89,1
0,3,0,1,0,109,1
6,6,0,0,0,53,1
6,2,0,0,0,82,1
7,12,0,0,0,66,1
3,1,0,1,0,205,1
1,1,0,1,0,203,1
4,8,0,1,0,115,1
1,4,0,0,0,63,1
0,1,0,0,0,72,1
1,1,0,1,0,48,1
1,16,1,0,0,135,1
3,4,0,0,0,80,1
5,3,0,1,0,87,1
2,1,0,0,0,137,1
8,6,0,0,0,58,1
2,2,0,0,0,67,1
1,3,1,0,0,163,1
2,1,0,0,0,149,1
2,1,0,0,0,56,1
22,9,1,0,0,62,1
3,2,0,0,0,60,1
3,5,0,0,0,189,1
3,2,0,0,0,196,1
10,4,0,0,0,31,1
7,2,0,1,0,298,1
22,3,0,0,0,43,1
3,4,0,1,0,124,1
10,7,0,1,1,102,1
13,10,0,0,0,422,1
9,3,0,0,0,69,1
1,3,0,0,0,75,1
0,3,0,0,0,50,1
0,1,0,0,0,77,1
5,2,0,0,0,70,1
4,2,0,0,0,91,1
2,2,0,0,0,298,1
7,3,0,1,0,135,1
7,3,0,0,0,60,1
5,2,0,0,0,41,1
3,2,0,1,0,163,1
0,7,0,0,0,31,1
6,5,0,0,0,82,1
8,3,0,0,0,255,1
1,2,0,0,0,41,1
2,1,0,1,0,94,1
15,8,0,0,0,71,1
0,2,0,0,0,20,1
3,3,0,0,0,68,1
2,3,0,0,0,120,1
3,4,0,0,0,87,1
2,1,0,0,0,74,1
2,3,0,0,0,65,1
4,3,0,0,0,16,1
1,3,0,0,0,94,1
1,1,0,0,1,79,1
2,6,0,0,0,112,1
2,2,0,0,0,88,1
2,6,0,0,0,44,1
11,3,0,0,0,28,1
12,7,0,0,0,183,1
12,3,0,1,0,116,1
1,7,0,0,0,29,1
1,12,0,0,0,37,1
1,2,0,0,0,110,1
1,1,0,0,0,113,1
4,4,0,0,0,135,1
20,5,0,0,1,133,1
5,3,0,0,0,135,1
0,1,0,0,0,36,1
0,1,0,0,0,199,1
1,2,0,0,0,46,1
20,5,0,0,0,151,1
7,2,0,0,0,71,1
2,2,0,0,0,147,1
3,2,0,0,0,112,1
2,5,1,0,0,115,1
3,2,0,0,0,61,1
1,3,1,0,0,97,1
0,1,0,1,0,173,1
1,1,0,1,0,207,1
18,16,0,0,0,191,1
2,4,0,0,0,79,1
1,2,0,0,0,207,1
1,1,0,0,0,42,1
1,5,0,0,0,121,1
9,6,0,1,0,187,1
0,9,0,0,0,274,1
2,5,0,0,0,61,1
3,4,0,1,0,68,1
1,10,0,0,0,102,1
3,1,0,0,0,68,1
2,1,0,0,0,99,1
3,16,1,0,0,92,1
3,2,0,1,0,134,1
0,2,0,1,0,137,1
2,3,0,0,0,33,1
1,1,0,0,0,109,1
12,5,0,0,1,88,1
4,4,0,0,0,87,1
1,8,0,0,0,44,1
1,3,0,0,0,83,1
0,11,0,0,0,44,1
3,7,0,0,0,120,1
4,19,0,0,0,108,1
3,2,0,0,0,44,1
4,1,0,0,0,282,1
3,1,0,1,0,35,1
8,10,0,0,0,173,1
4,3,0,0,0,15,1
2,4,0,1,0,108,1
4,10,0,1,0,221,1
1,1,0,0,0,87,1
2,3,0,0,0,60,1
1,1,0,0,0,105,1
6,8,1,1,0,140,1
0,3,0,0,0,26,1
1,1,0,1,0,206,1
5,4,0,0,0,252,1
4,1,0,0,0,39,1
1,3,0,1,0,52,1
1,4,0,0,0,49,1
1,3,0,0,0,45,1
1,1,0,0,0,104,1
2,1,0,0,0,113,1
8,5,0,0,0,79,1
2,14,0,0,0,95,1
2,7,0,0,0,103,1
1,1,0,0,0,64,1
6,1,0,0,0,58,1
16,10,0,0,0,68,1
6,4,0,0,1,77,1
6,20,0,0,0,64,1
3,4,1,0,0,62,1
6,5,0,0,0,89,1
4,1,0,0,0,49,1
6,3,0,0,0,271,1
9,2,0,0,0,192,1
3,3,1,0,0,174,1
4,1,0,0,0,90,1
21,6,0,0,0,68,1
3,1,0,0,0,115,1
3,2,0,1,0,60,1
3,2,0,0,0,38,1
3,8,0,1,0,105,1
91,20,0,0,0,117,1
2,3,0,0,1,48,1
5,3,0,0,0,124,1
2,1,0,0,0,153,1
0,1,0,0,0,52,1
1,4,0,1,0,174,1
3,10,0,1,0,150,1
2,5,0,1,1,102,1
2,11,0,0,0,76,1
1,1,0,0,0,65,1
2,4,0,0,0,265,1
2,3,0,0,0,24,1
2,2,0,0,0,145,1
2,9,0,0,0,58,1
2,2,0,0,0,102,1
6,3,0,1,0,211,1
2,2,0,0,0,28,1
0,1,0,0,0,52,1
1,1,0,0,0,32,1
0,1,0,0,0,26,1
0,1,0,0,0,259,1
3,5,0,0,0,91,1
0,1,0,0,0,72,1
4,2,0,1,0,42,1
1,3,0,0,0,43,1
1,2,0,1,0,66,1
4,6,0,0,0,75,1
6,4,0,0,0,120,1
0,1,0,0,0,84,1
2,1,0,0,0,20,1
12,7,0,0,0,146,1
5,3,0,1,0,90,1
3,1,0,0,0,90,1
1,1,1,0,0,45,1
72,15,0,0,0,87,1
2,4,0,0,0,48,1
1,1,0,0,0,88,1
5,3,0,0,0,59,1
1,4,0,1,0,43,1
2,1,0,0,0,106,1
2,4,0,0,0,49,1
1,3,0,0,0,41,1
2,2,0,0,0,52,1
7,4,0,1,0,51,1
5,5,0,0,0,61,1
0,4,0,0,0,44,1
12,9,0,0,0,31,1
7,3,1,0,1,213,1
3,3,0,0,0,65,1
1,1,0,0,0,61,1
2,1,0,0,0,70,1
5,7,1,0,0,101,1
1,5,0,0,0,102,1
3,3,0,0,0,65,1
3,6,0,0,0,24,1
4,3,0,1,1,136,1
3,1,0,0,0,120,1
5,3,0,0,0,299,1
4,2,0,1,0,141,1
2,7,1,0,0,129,1
2,8,0,0,0,32,1
3,4,0,0,0,102,1
4,8,0,0,0,158,1
2,8,0,1,0,95,1
2,7,0,1,0,66,1
2,3,0,0,0,114,1
3,6,0,0,1,95,1
3,1,0,1,0,61,1
3,3,0,0,0,48,1
5,3,0,0,0,45,1
5,9,0,0,0,84,1
1,11,0,0,0,54,1
3,10,0,0,0,101,1
1,1,0,0,0,48,1
1,0,0,1,0,95,1
2,5,0,0,0,241,1
3,1,0,0,0,65,1
4,0,0,0,0,40,1
6,0,0,0,0,160,1
5,2,1,0,0,148,1
3,1,0,0,0,63,1
3,2,0,0,0,38,1
1,3,0,0,0,119,1
1,0,0,0,0,30,1
8,15,0,0,0,108,1
3,7,1,0,0,84,1
3,2,0,0,0,89,1
2,2,0,0,0,47,1
4,9,0,0,0,26,1
1,0,0,0,1,102,1
2,2,0,1,0,346,1
3,3,0,1,0,236,1
4,1,0,0,0,135,1
2,15,0,0,0,15,1
1,0,0,0,0,129,1
2,6,0,1,0,84,1
2,13,0,0,0,49,1
2,4,0,0,0,91,1
5,0,0,1,0,189,1
1,6,0,0,0,51,1
2,0,0,0,0,56,1
0,0,0,0,0,112,1
0,0,0,0,0,51,1
13,15,0,0,1,119,1
2,1,0,0,0,140,1
0,2,0,0,0,66,1
0,4,0,0,0,72,1
5,0,0,0,0,158,1
2,17,0,0,0,58,1
1,4,0,0,0,7,1
4,35,0,1,0,242,1
3,2,0,0,0,65,1
5,0,0,0,0,43,1
4,10,1,0,0,58,1
2,1,0,0,0,128,1
3,0,0,0,0,49,1
6,2,0,0,0,121,1
1,0,1,0,0,66,1
3,3,0,0,0,92,1
2,11,0,0,0,259,1
3,6,0,0,0,60,1
1,0,0,0,0,77,1
9,2,0,0,0,120,1
5,0,0,0,0,131,1
4,5,1,0,0,48,1
6,10,0,1,0,72,1
1,7,0,1,0,53,1
2,1,1,0,0,66,1
4,8,0,0,0,75,1
5,22,0,0,0,5,1
5,4,0,0,0,113,1
2,1,1,0,0,72,1
6,0,0,0,0,102,1
1,1,0,1,0,126,1
3,2,0,1,0,52,1
4,2,0,0,0,85,1
1,0,0,0,0,54,1
2,2,1,0,0,55,1
3,2,0,0,0,119,1
1,0,0,0,0,93,1
2,8,0,0,0,185,1
1,0,0,1,0,99,1
2,4,0,1,0,104,1
4,4,0,0,0,71,1
3,2,0,0,0,28,1
2,0,0,0,0,50,1
5,2,0,0,0,135,1
4,0,0,0,0,237,1
4,5,0,0,0,24,1
4,2,0,1,0,149,1
3,0,0,0,0,40,1
5,8,0,1,0,135,1
3,2,0,0,0,248,1
3,0,0,0,0,121,1
3,7,0,0,0,109,1
0,0,0,0,0,16,1
5,8,1,0,0,84,1
2,5,0,1,0,52,1
7,5,0,0,0,80,1
2,6,0,0,0,163,1
3,1,0,0,0,167,1
0,5,0,0,0,46,1
5,5,1,0,0,93,1
3,6,0,0,0,44,1
2,1,0,1,0,73,1
8,21,0,1,0,305,1
3,1,0,1,0,129,1
8,4,0,1,0,174,1
1,3,0,0,0,35,1
1,19,0,0,0,69,1
2,2,0,0,0,29,1
2,3,0,0,0,44,1
5,2,0,0,0,214,1
1,0,0,1,0,20,1
2,2,0,0,0,96,1
6,0,1,0,0,86,1
1,4,0,0,0,45,1
1,1,0,0,0,71,1
7,5,0,0,0,127,1
1,7,0,0,0,86,1
6,14,0,1,0,88,1
5,0,0,0,0,110,1
4,4,0,1,0,36,1
3,5,0,0,0,61,1
3,0,0,0,0,105,1
2,2,0,0,0,81,1
2,2,0,0,0,22,1
3,1,1,0,1,54,1
10,11,0,0,0,125,1
1,0,0,0,0,58,1
16,10,0,0,0,140,1
1,3,0,0,0,36,1
1,4,0,1,0,50,1
2,1,0,1,0,111,1
5,6,0,0,0,186,1
2,4,0,1,0,110,1
2,0,0,0,0,59,1
13,2,0,1,0,113,1
2,3,0,1,0,144,1
1,2,0,1,0,99,1
3,2,0,0,0,70,1
2,6,1,0,0,36,1
2,6,0,0,0,199,1
4,4,0,0,0,30,1
2,0,0,1,0,101,1
8,15,0,0,0,102,1
10,13,0,1,1,75,1
2,0,1,0,0,91,1
2,3,0,0,0,10,1
2,2,0,0,0,52,1
4,0,0,0,0,103,1
4,3,0,0,0,84,1
7,5,0,0,0,174,1
5,0,0,1,0,35,1
4,2,0,0,0,66,1
3,2,0,0,0,49,1
2,4,0,0,0,160,1
2,10,1,0,0,133,1
3,6,0,0,0,56,1
3,4,0,0,0,212,1
4,5,0,0,0,65,1
2,10,0,0,0,79,1
1,5,0,1,0,78,1
4,5,0,0,0,205,1
2,9,0,1,0,133,1
4,3,0,0,0,80,1
2,6,0,0,0,91,1
2,3,1,0,1,124,1
2,2,0,0,0,93,1
10,10,0,0,0,43,1
3,1,0,0,0,100,1
13,12,1,0,0,77,1
1,0,0,0,0,99,1
2,4,1,0,1,283,1
9,10,0,0,0,166,1
2,10,1,0,0,361,1
8,3,0,0,1,310,1
3,5,0,1,0,285,1
12,5,0,0,0,97,1
1,2,0,0,1,6,1
2,13,0,0,0,19,1
0,2,0,0,0,72,1
3,12,0,0,0,53,1
6,3,0,0,0,134,1
1,2,0,0,0,34,1
1,4,0,1,0,106,1
1,15,0,0,0,117,1
2,1,0,0,0,54,1
45,13,0,0,0,315,1
1,12,0,0,0,77,1
36,19,0,1,0,119,1
0,0,0,0,0,59,1
0,2,0,0,0,54,1
3,0,0,0,0,94,1
4,6,0,0,0,79,1
2,4,0,0,0,201,1
4,0,0,0,0,61,1
6,3,0,0,0,66,1
7,5,0,0,0,227,1
10,3,0,0,0,167,1
0,2,1,0,0,238,1
1,1,0,1,0,103,1
1,2,0,0,0,122,1
2,2,0,0,0,148,1
2,4,1,0,0,197,1
4,3,0,0,0,23,1
28,12,0,1,0,223,1
0,0,0,0,0,26,1
6,17,0,0,0,80,1
2,0,0,0,0,183,1
25,36,0,0,0,80,1
1,1,0,0,0,79,1
16,13,0,0,0,141,1
2,8,0,0,0,90,1
5,5,0,0,0,274,1
60,3,0,0,0,119,1
2,5,0,0,0,72,1
10,8,0,0,0,116,1
3,15,0,0,0,241,1
4,11,1,0,0,51,1
2,4,0,0,0,154,1
15,28,0,1,0,127,1
7,4,0,0,0,77,1
3,1,0,0,0,41,1
2,7,1,0,0,118,1
9,11,0,1,0,159,1
1,16,0,0,0,36,1
5,7,0,0,0,43,1
1,0,0,0,0,117,1
4,1,0,0,0,36,1
5,2,0,0,0,30,1
9,9,0,0,0,131,1
3,2,0,0,0,53,1
7,0,0,0,0,61,1
14,7,0,0,0,245,1
2,3,0,0,0,106,1
13,1,0,0,0,84,1
3,2,1,0,0,118,1
2,2,0,0,0,21,1
3,0,1,1,0,273,1
3,0,0,1,0,152,1
3,15,0,1,0,454,1
0,1,0,0,0,116,1
2,10,0,0,0,9,1
7,9,0,0,0,95,1
16,7,0,0,0,23,1
3,4,1,0,0,141,1
13,2,0,0,0,109,1
1,16,0,0,0,63,1
2,6,0,0,0,109,1
5,15,0,0,1,385,1
3,4,0,0,0,122,1
26,7,0,0,0,52,1
3,2,0,0,0,109,1
18,50,0,0,0,95,1
13,6,0,0,0,66,1
3,0,1,0,0,108,1
1,5,0,1,0,103,1
0,6,1,0,0,431,1
3,6,0,0,0,160,1
5,9,0,0,0,264,1
1,1,0,0,0,155,1
2,7,0,0,0,203,1
4,2,0,1,0,109,1
1,7,0,0,0,80,1
1,5,0,1,0,124,1
1,7,0,0,0,105,1
2,24,0,0,0,266,1
2,0,0,0,0,140,1
3,7,0,0,0,60,1
5,23,0,0,0,184,1
9,26,0,0,0,72,1
1,4,1,0,0,69,1
7,6,0,0,0,304,1
3,6,0,0,0,102,1
1,3,0,0,0,163,1
1,4,0,0,0,53,1
0,8,0,0,0,355,1
4,14,0,0,0,209,1
1,16,0,0,0,47,1
1,5,0,0,1,116,1
1,2,0,0,0,159,1
43,6,0,0,0,265,1
5,8,0,0,0,69,1
2,13,0,0,0,59,1
5,5,0,1,0,216,1
1,0,0,0,0,113,1
3,5,0,1,0,102,1
0,2,0,0,0,142,1
2,6,1,1,0,62,1
7,3,0,0,0,270,1
8,6,1,0,0,67,1
5,14,0,0,0,289,1
9,1,0,0,0,64,1
5,17,0,0,0,209,1
2,3,1,0,0,48,1
3,16,0,0,0,152,1
3,1,0,0,0,117,1
4,3,1,1,0,136,1
13,37,0,0,0,311,1
3,7,0,1,0,89,1
1,5,0,0,0,68,1
12,21,0,0,0,104,1
1,5,0,0,0,117,1
4,5,0,0,0,53,1
3,11,0,0,0,175,1
2,0,0,0,0,118,1
2,0,0,1,0,136,1
1,6,0,0,0,37,1
1,0,0,0,0,98,1
1,14,0,1,0,62,1
1,5,0,0,0,88,1
7,21,0,0,0,67,1
6,19,0,1,0,212,1
5,10,0,1,0,62,1
1,5,0,0,0,34,1
2,1,0,0,0,121,1
5,17,0,1,1,156,1
3,4,0,0,0,38,1
7,21,0,0,0,1116,1
3,3,0,0,0,94,1
3,24,1,0,0,105,1
95,35,1,0,0,174,1
2,3,0,0,0,54,1
4,2,0,0,0,47,1
3,13,1,0,0,77,1
1,2,0,0,1,144,1
1,8,0,0,0,98,1
4,2,0,0,0,102,1
1,5,1,0,0,250,1
7,5,1,0,0,110,1
0,6,0,0,0,74,1
11,3,0,0,0,46,1
243,52,0,0,0,113,1
13,10,0,0,0,83,1
1,8,0,0,0,43,1
2,3,0,0,0,63,1
5,4,0,1,0,93,1
4,0,0,0,0,73,1
57,153,1,0,0,65,1
8,11,0,0,0,260,1
2,11,1,1,0,247,1
3,12,0,1,0,38,1
3,7,0,0,0,77,1
5,9,0,0,0,43,1
0,0,0,0,0,119,1
1,2,0,0,0,16,1
24,4,0,0,0,84,1
5,16,0,0,0,90,1
3,10,1,1,0,434,1
3,0,0,0,0,122,1
70,9,0,0,0,60,1
3,8,0,1,0,121,1
2,1,0,1,0,58,1
5,7,0,0,0,27,1
3,0,0,0,0,323,1
3,16,0,1,0,28,1
6,17,0,0,0,195,1
1,6,0,0,0,156,1
2,11,0,0,0,116,1
5,2,0,0,1,42,1
2,3,0,0,1,174,1
7,10,1,0,0,147,1
17,4,0,0,0,77,1
4,2,0,0,0,58,1
11,5,0,0,0,114,1
2,4,1,0,0,120,1
6,26,1,0,0,159,1
5,5,1,0,0,197,1
12,10,0,0,1,119,1
5,10,0,0,0,25,1
3,7,0,0,0,122,1
4,6,0,0,0,154,1
17,5,0,0,0,16,1
2,9,0,0,0,124,1
3,9,0,0,0,113,1
9,5,0,0,0,42,1
12,12,0,0,0,72,1
6,3,0,0,0,175,1
7,5,0,0,0,77,1
3,4,0,0,0,125,1
3,1,0,0,0,159,1
6,10,0,0,0,69,1
2,2,0,0,0,68,1
7,1,0,0,0,37,1
3,21,0,1,0,140,1
1,61,0,0,0,49,1
2,1,1,0,0,72,1
11,13,0,0,0,145,1
1,16,0,0,0,133,1
1,2,0,1,0,248,1
3,7,0,0,0,115,1
11,4,0,0,0,100,1
3,10,0,1,1,69,1
15,11,0,0,0,43,1
3,10,0,0,0,234,1
0,2,0,0,0,115,1
5,6,0,0,0,80,1
3,1,0,0,0,110,1
7,4,0,0,0,85,1
1,5,0,1,0,115,1
5,3,0,1,0,158,1
1,3,0,0,0,105,1
3,1,0,1,0,89,1
5,0,0,0,0,125,1
4,8,0,0,0,286,1
3,12,0,1,0,135,1
3,2,0,0,0,114,1
3,8,0,0,0,213,1
10,4,0,0,0,155,1
6,6,0,0,0,65,1
2,1,0,0,0,111,1
1,7,0,0,0,176,1
6,8,0,0,0,67,1
6,1,1,1,0,85,1
7,9,0,0,0,605,1
3,1,0,0,1,141,1
7,5,0,0,0,454,1
3,1,0,0,0,148,1
8,5,1,0,0,47,1
12,3,0,0,0,15,1
5,5,0,1,0,29,1
9,4,0,0,0,130,1
3,0,0,0,0,488,1
2,7,0,0,0,179,1
5,9,0,0,0,8,1
17,11,0,0,0,62,1
10,2,0,0,0,86,1
5,20,0,0,0,130,1
0,6,0,0,0,76,1
3,9,0,0,1,115,1
2,5,0,0,0,964,1
4,6,0,0,0,147,1
11,29,0,0,0,198,1
3,7,0,0,0,212,1
3,1,0,0,0,72,1
1,11,0,0,0,95,1
3,4,0,1,0,76,1
4,42,0,0,0,8,1
2,3,1,1,0,101,1
1,3,0,0,0,167,1
1,6,0,0,0,58,1
2,2,0,0,0,317,1
7,8,0,1,0,121,1
7,22,1,0,0,167,1
0,4,0,0,0,104,1
12,4,0,0,0,68,1
4,5,0,1,0,45,1
3,3,0,1,0,118,1
22,13,1,0,0,315,1
7,3,0,1,0,66,1
1,6,0,0,0,104,1
2,13,0,1,0,144,1
3,6,0,0,0,157,1
2,13,0,1,0,277,1
5,4,0,0,0,80,1
7,2,0,0,0,92,1
24,21,0,0,1,13,1
3,3,0,0,0,45,1
15,8,0,0,0,139,1
5,3,0,1,0,120,1
5,4,1,1,0,118,1
30,18,0,0,0,85,1
9,2,0,0,0,95,1
8,1,0,0,0,16,1
5,1,0,0,0,86,1
1,0,0,0,0,67,1
9,1,0,1,0,116,1
5,1,0,1,0,213,1
16,11,0,0,0,121,1
3,1,0,1,0,84,1
9,5,0,0,0,4,1
7,3,0,1,0,118,1
11,8,0,0,0,89,1
5,10,0,0,0,102,1
5,5,0,0,0,40,1
2,11,0,1,0,187,1
14,0,0,0,0,131,1
18,5,0,0,0,114,1
6,17,1,0,0,453,1
9,1,0,0,0,52,1
12,5,0,0,0,98,1
16,9,0,0,0,65,1
12,3,0,0,0,11,1
7,11,0,1,0,39,1
6,5,0,0,0,91,1
6,3,0,0,0,197,1
6,8,0,0,0,104,1
4,9,0,1,0,68,1
3,1,0,0,0,49,1
7,4,0,0,0,101,1
17,28,1,0,0,194,1
15,15,1,0,0,208,1
20,2,0,0,0,44,1
18,5,0,0,0,129,1
12,25,0,1,0,74,1
12,8,0,0,0,207,1
10,3,0,0,0,98,1
